score,zone,uid_is_root,score_delta,event_type,target_containment,source,category
4.7,0,0,-5.27,0,0,adfa_ld,normal
8.94,0,0,9.54,0,0,adfa_ld,normal
14.86,0,0,-11.53,0,0,adfa_ld,normal
16.92,0,0,28.97,0,0,adfa_ld,normal
13.44,2,0,-0.08,5,4,adfa_ld,reverse_shell
11.97,0,0,-4.24,0,0,adfa_ld,normal
4.7,0,0,-5.27,0,0,adfa_ld,normal
24.91,1,0,-3.04,2,2,adfa_ld,lateral_movement
13.62,2,0,-0.71,4,3,adfa_ld,process_injection
27.68,0,0,34.63,0,0,adfa_ld,normal
4.7,0,0,-5.27,0,0,adfa_ld,normal
19.51,2,0,9.62,5,4,adfa_ld,reverse_shell
4.66,0,0,-2.1,0,0,adfa_ld,normal
4.7,0,0,-5.27,0,0,adfa_ld,normal
34.8,1,0,0.16,2,2,adfa_ld,lateral_movement
7.09,0,0,-1.0,0,0,adfa_ld,normal
12.11,1,0,0.57,2,2,adfa_ld,lateral_movement
7.36,0,0,12.1,0,0,adfa_ld,normal
4.7,0,0,-5.27,0,0,adfa_ld,normal
4.7,0,0,-5.27,0,0,adfa_ld,normal
4.7,0,0,7.26,0,0,adfa_ld,normal
13.94,0,0,-10.61,0,0,adfa_ld,normal
4.7,0,0,-5.27,0,0,adfa_ld,normal
13.79,0,0,-0.0,0,0,adfa_ld,normal
4.7,0,0,-5.27,0,0,adfa_ld,normal
15.9,0,0,-3.73,0,0,adfa_ld,normal
11.17,0,0,4.23,0,0,adfa_ld,normal
5.82,0,0,-0.84,0,0,adfa_ld,normal
53.09,0,0,0.0,0,0,adfa_ld,normal
44.97,0,0,0.16,0,0,adfa_ld,normal
4.7,0,0,-5.27,0,0,adfa_ld,normal
15.08,0,0,1.34,0,0,adfa_ld,normal
2.79,0,0,6.36,0,0,adfa_ld,normal
28.06,2,0,-1.24,5,4,adfa_ld,reverse_shell
13.6,2,0,12.36,5,4,adfa_ld,reverse_shell
25.9,0,0,12.77,0,0,adfa_ld,normal
10.28,0,0,1.49,0,0,adfa_ld,normal
14.93,0,0,0.0,0,0,adfa_ld,normal
4.7,0,0,-5.27,0,0,adfa_ld,normal
6.24,0,0,-4.08,0,0,adfa_ld,normal
34.14,0,0,0.86,0,0,adfa_ld,normal
8.89,0,0,-0.18,0,0,adfa_ld,normal
16.68,0,0,29.28,0,0,adfa_ld,normal
8.97,0,0,-0.72,0,0,adfa_ld,normal
21.66,1,0,-0.05,2,2,adfa_ld,lateral_movement
12.98,0,0,-0.01,0,0,adfa_ld,normal
12.03,0,0,-5.2,0,0,adfa_ld,normal
12.21,0,0,0.0,0,0,adfa_ld,normal
26.63,0,0,24.07,0,0,adfa_ld,normal
9.07,0,0,-1.91,0,0,adfa_ld,normal
12.54,0,0,-0.28,0,0,adfa_ld,normal
8.75,0,0,-3.83,0,0,adfa_ld,normal
9.45,0,0,1.54,0,0,adfa_ld,normal
25.33,0,0,22.85,0,0,adfa_ld,normal
10.85,0,0,0.0,0,0,adfa_ld,normal
27.08,0,0,34.0,0,0,adfa_ld,normal
10.81,0,0,-2.18,0,0,adfa_ld,normal
10.88,0,0,-5.27,0,0,adfa_ld,normal
2.92,0,0,0.23,0,0,adfa_ld,normal
8.61,0,0,-6.58,0,0,adfa_ld,normal
22.18,0,0,0.08,0,0,adfa_ld,normal
6.95,0,0,-0.26,0,0,adfa_ld,normal
4.7,0,0,-5.27,0,0,adfa_ld,normal
4.7,0,0,-5.27,0,0,adfa_ld,normal
15.56,2,0,0.53,4,3,adfa_ld,process_injection
5.67,0,0,-5.92,0,0,adfa_ld,normal
9.45,0,0,4.09,0,0,adfa_ld,normal
4.7,0,0,-5.27,0,0,adfa_ld,normal
14.46,2,0,-0.07,5,4,adfa_ld,reverse_shell
8.26,0,0,9.32,0,0,adfa_ld,normal
7.84,0,0,-1.53,0,0,adfa_ld,normal
27.84,0,0,2.47,0,0,adfa_ld,normal
16.28,0,0,-0.21,0,0,adfa_ld,normal
9.06,0,0,-2.7,0,0,adfa_ld,normal
4.7,0,0,-5.27,0,0,adfa_ld,normal
4.7,0,0,-5.27,0,0,adfa_ld,normal
22.05,0,0,14.55,0,0,adfa_ld,normal
25.81,0,0,2.23,0,0,adfa_ld,normal
8.07,0,0,-0.25,0,0,adfa_ld,normal
27.08,0,0,34.0,0,0,adfa_ld,normal
15.75,0,0,23.38,0,0,adfa_ld,normal
14.92,0,0,22.35,0,0,adfa_ld,normal
13.85,0,0,4.87,0,0,adfa_ld,normal
15.48,2,0,-1.59,5,4,adfa_ld,reverse_shell
9.11,0,0,-3.04,0,0,adfa_ld,normal
10.0,0,0,3.91,0,0,local_machine,normal
40.48,0,0,0.0,0,0,adfa_ld,normal
100.0,0,0,0.08,0,0,adfa_ld,normal
8.69,0,0,7.63,0,0,adfa_ld,normal
12.96,0,0,3.19,0,0,adfa_ld,normal
7.52,0,0,1.57,0,0,adfa_ld,normal
4.7,0,0,-5.27,0,0,adfa_ld,normal
30.42,0,0,-0.09,0,0,adfa_ld,normal
4.7,0,0,-5.27,0,0,adfa_ld,normal
6.53,0,0,-3.28,0,0,adfa_ld,normal
11.03,0,0,-0.61,0,0,adfa_ld,normal
3.31,0,0,3.09,0,0,adfa_ld,normal
6.1,2,0,-2.67,5,4,adfa_ld,reverse_shell
4.7,0,0,-5.27,0,0,adfa_ld,normal
9.33,0,0,3.91,0,0,adfa_ld,normal
27.42,0,0,2.18,0,0,adfa_ld,normal
33.65,0,0,-0.05,0,0,adfa_ld,normal
30.7,0,0,-0.72,0,0,adfa_ld,normal
16.88,0,0,22.23,0,0,adfa_ld,normal
100.0,0,0,43.43,0,0,adfa_ld,normal
4.37,0,0,-0.24,0,0,adfa_ld,normal
22.87,0,0,1.48,0,0,adfa_ld,normal
11.22,0,0,1.2,0,0,adfa_ld,normal
22.24,0,0,-0.76,0,0,adfa_ld,normal
18.68,0,0,-22.69,0,0,adfa_ld,normal
24.66,0,0,1.43,0,0,adfa_ld,normal
4.7,0,0,-5.27,0,0,adfa_ld,normal
43.49,0,0,-0.59,0,0,adfa_ld,normal
4.7,0,0,-5.27,0,0,adfa_ld,normal
5.66,0,0,-7.46,0,0,adfa_ld,normal
46.94,0,0,8.29,0,0,adfa_ld,normal
52.91,0,0,0.71,0,0,adfa_ld,normal
20.79,0,0,7.45,0,0,adfa_ld,normal
16.64,0,0,2.08,0,0,adfa_ld,normal
12.8,0,0,-4.29,0,0,adfa_ld,normal
10.56,0,0,0.11,0,0,adfa_ld,normal
9.32,0,0,1.52,0,0,adfa_ld,normal
4.7,0,0,-5.27,0,0,adfa_ld,normal
5.05,0,0,-0.11,0,0,adfa_ld,normal
10.49,1,0,2.21,1,1,adfa_ld,credential_access
8.95,0,0,-2.1,0,0,adfa_ld,normal
11.76,2,1,0.07,3,3,adfa_ld,privilege_escalation
12.53,2,1,-0.14,3,3,adfa_ld,privilege_escalation
8.2,0,0,2.54,0,0,adfa_ld,normal
23.67,0,0,3.1,0,0,adfa_ld,normal
4.7,0,0,-5.27,0,0,adfa_ld,normal
6.63,0,0,-6.67,0,0,adfa_ld,normal
23.67,0,0,22.41,0,0,adfa_ld,normal
21.96,0,0,17.81,0,0,adfa_ld,normal
4.7,0,0,-5.27,0,0,adfa_ld,normal
8.87,0,0,-5.7,0,0,adfa_ld,normal
15.92,0,0,3.26,0,0,adfa_ld,normal
16.9,0,0,-3.28,0,0,adfa_ld,normal
4.7,0,0,-5.27,0,0,adfa_ld,normal
29.01,0,0,0.37,0,0,adfa_ld,normal
35.61,0,0,0.02,0,0,adfa_ld,normal
13.32,0,0,1.53,0,0,adfa_ld,normal
4.7,0,0,-5.27,0,0,adfa_ld,normal
23.37,0,0,32.46,0,0,adfa_ld,normal
82.16,0,0,-12.54,0,0,adfa_ld,normal
9.32,0,0,1.52,0,0,adfa_ld,normal
4.88,0,0,10.55,0,0,adfa_ld,normal
7.97,0,0,1.35,0,0,adfa_ld,normal
30.53,0,0,1.59,0,0,adfa_ld,normal
4.7,0,0,-5.27,0,0,adfa_ld,normal
13.3,0,0,3.38,0,0,adfa_ld,normal
15.8,0,0,17.87,0,0,adfa_ld,normal
25.02,1,0,0.02,1,1,adfa_ld,credential_access
11.28,0,0,14.27,0,0,adfa_ld,normal
13.32,0,0,20.04,0,0,adfa_ld,normal
4.7,0,0,-5.27,0,0,adfa_ld,normal
33.13,0,0,4.81,0,0,adfa_ld,normal
21.47,0,0,-0.7,0,0,adfa_ld,normal
4.7,0,0,-5.27,0,0,adfa_ld,normal
2.87,0,0,-9.27,0,0,adfa_ld,normal
26.31,2,0,0.35,5,4,adfa_ld,reverse_shell
9.17,0,0,-0.84,0,0,adfa_ld,normal
14.1,2,0,0.0,4,3,adfa_ld,process_injection
4.7,0,0,-5.27,0,0,adfa_ld,normal
16.38,2,0,-0.07,4,3,adfa_ld,process_injection
13.96,0,0,0.07,0,0,adfa_ld,normal
16.0,0,0,-8.77,0,0,adfa_ld,normal
12.86,0,0,5.67,0,0,adfa_ld,normal
15.06,0,0,1.49,0,0,adfa_ld,normal
26.13,0,0,21.84,0,0,adfa_ld,normal
9.71,0,0,-0.68,0,0,adfa_ld,normal
15.17,0,0,0.01,0,0,adfa_ld,normal
4.7,0,0,-5.27,0,0,adfa_ld,normal
13.94,0,0,-12.32,0,0,adfa_ld,normal
12.51,2,1,-0.2,3,3,adfa_ld,privilege_escalation
9.93,0,0,0.76,0,0,adfa_ld,normal
4.7,0,0,-5.27,0,0,adfa_ld,normal
4.7,0,0,-5.27,0,0,adfa_ld,normal
6.66,0,0,6.87,0,0,adfa_ld,normal
13.64,0,0,0.26,0,0,adfa_ld,normal
32.69,0,0,-0.63,0,0,adfa_ld,normal
13.48,0,0,-3.17,0,0,adfa_ld,normal
53.05,0,0,-1.47,0,0,adfa_ld,normal
11.95,0,0,0.13,0,0,adfa_ld,normal
14.45,0,0,4.93,0,0,adfa_ld,normal
4.7,0,0,-5.27,0,0,adfa_ld,normal
26.18,0,0,6.33,0,0,adfa_ld,normal
14.21,2,0,-0.27,4,3,adfa_ld,process_injection
39.96,0,0,0.0,0,0,adfa_ld,normal
3.63,0,0,3.35,0,0,adfa_ld,normal
13.82,0,0,-13.79,0,0,adfa_ld,normal
11.0,0,0,-1.85,0,0,adfa_ld,normal
13.23,0,0,-3.39,0,0,adfa_ld,normal
11.9,0,0,0.56,0,0,adfa_ld,normal
12.01,0,0,0.36,0,0,adfa_ld,normal
4.7,0,0,-5.27,0,0,adfa_ld,normal
4.49,0,0,1.18,0,0,adfa_ld,normal
4.7,0,0,-5.27,0,0,adfa_ld,normal
26.21,0,0,48.84,0,0,adfa_ld,normal
27.92,0,0,3.51,0,0,adfa_ld,normal
9.01,0,0,-3.21,0,0,adfa_ld,normal
13.48,2,0,0.67,4,3,adfa_ld,process_injection
16.05,0,0,-3.38,0,0,adfa_ld,normal
16.4,0,0,5.34,0,0,adfa_ld,normal
20.61,2,0,0.13,5,4,adfa_ld,reverse_shell
8.2,0,0,0.16,0,0,adfa_ld,normal
20.85,0,0,6.76,0,0,adfa_ld,normal
12.2,0,0,0.57,0,0,adfa_ld,normal
8.53,2,0,-0.02,4,3,adfa_ld,process_injection
22.77,0,0,3.57,0,0,adfa_ld,normal
12.33,0,0,0.29,0,0,adfa_ld,normal
14.58,0,0,-0.48,0,0,adfa_ld,normal
6.23,0,0,2.62,0,0,adfa_ld,normal
4.7,0,0,-5.27,0,0,adfa_ld,normal
9.71,0,0,-0.68,0,0,adfa_ld,normal
13.03,0,0,-2.76,0,0,adfa_ld,normal
21.92,0,0,1.36,0,0,adfa_ld,normal
15.09,1,0,-3.66,2,2,adfa_ld,lateral_movement
12.99,0,0,2.3,0,0,adfa_ld,normal
28.29,0,0,0.06,0,0,adfa_ld,normal
15.06,1,0,-1.86,1,1,adfa_ld,credential_access
2.68,0,0,-4.58,0,0,adfa_ld,normal
7.49,0,0,-0.21,0,0,adfa_ld,normal
3.95,0,0,-3.19,0,0,adfa_ld,normal
10.1,0,0,5.19,0,0,adfa_ld,normal
40.12,0,0,1.12,0,0,adfa_ld,normal
10.19,0,0,1.59,0,0,adfa_ld,normal
15.9,0,0,-3.73,0,0,adfa_ld,normal
17.0,2,0,0.54,4,3,adfa_ld,process_injection
10.59,0,0,-0.27,0,0,adfa_ld,normal
4.7,0,0,-6.42,0,0,adfa_ld,normal
5.29,0,0,10.27,0,0,adfa_ld,normal
9.89,0,0,5.25,0,0,adfa_ld,normal
11.47,0,0,-0.18,0,0,adfa_ld,normal
11.93,0,0,2.96,0,0,adfa_ld,normal
14.29,0,0,2.87,0,0,adfa_ld,normal
6.26,0,0,-1.69,0,0,adfa_ld,normal
4.7,0,0,-5.27,0,0,adfa_ld,normal
7.36,0,0,12.1,0,0,adfa_ld,normal
4.7,0,0,-5.27,0,0,adfa_ld,normal
72.0,0,0,0.05,0,0,adfa_ld,normal
13.41,2,0,0.82,4,3,adfa_ld,process_injection
15.12,0,0,0.5,0,0,adfa_ld,normal
14.61,0,0,-0.01,0,0,adfa_ld,normal
4.7,0,0,2.71,0,0,adfa_ld,normal
9.54,0,0,-1.93,0,0,adfa_ld,normal
8.6,0,0,1.73,0,0,adfa_ld,normal
9.32,0,0,1.52,0,0,adfa_ld,normal
4.7,0,0,-5.27,0,0,adfa_ld,normal
2.68,0,0,-3.5,0,0,adfa_ld,normal
12.66,1,0,0.6,2,2,adfa_ld,lateral_movement
7.59,0,0,2.13,0,0,adfa_ld,normal
11.29,0,0,0.65,0,0,adfa_ld,normal
4.7,0,0,-5.27,0,0,adfa_ld,normal
3.18,0,0,6.38,0,0,adfa_ld,normal
8.35,0,0,5.06,0,0,adfa_ld,normal
21.36,0,0,-10.61,0,0,adfa_ld,normal
14.51,2,1,-0.13,3,3,adfa_ld,privilege_escalation
31.99,0,0,-25.83,0,0,adfa_ld,normal
8.03,0,0,2.57,0,0,adfa_ld,normal
15.27,0,0,-1.12,0,0,adfa_ld,normal
12.22,2,0,-2.1,4,3,adfa_ld,process_injection
16.97,0,0,1.92,0,0,adfa_ld,normal
4.99,2,0,-2.86,5,4,adfa_ld,reverse_shell
16.97,0,0,1.92,0,0,adfa_ld,normal
6.87,0,0,2.38,0,0,adfa_ld,normal
13.24,1,0,0.01,1,1,adfa_ld,credential_access
18.56,2,0,1.08,5,4,adfa_ld,reverse_shell
12.38,0,0,1.64,0,0,adfa_ld,normal
4.7,0,0,-5.27,0,0,adfa_ld,normal
4.7,0,0,-5.27,0,0,adfa_ld,normal
19.13,2,0,14.16,5,4,adfa_ld,reverse_shell
4.57,0,0,-4.88,0,0,adfa_ld,normal
9.14,0,0,-4.45,0,0,adfa_ld,normal
16.29,0,0,-0.4,0,0,adfa_ld,normal
5.03,0,0,-3.8,0,0,adfa_ld,normal
12.31,2,0,8.44,5,4,adfa_ld,reverse_shell
10.96,1,0,0.27,1,1,adfa_ld,credential_access
4.7,0,0,-5.27,0,0,adfa_ld,normal
11.36,0,0,4.12,0,0,adfa_ld,normal
9.68,0,0,-0.76,0,0,adfa_ld,normal
40.23,0,0,-0.12,0,0,adfa_ld,normal
42.32,0,0,0.56,0,0,adfa_ld,normal
10.1,0,0,0.63,0,0,adfa_ld,normal
5.03,0,0,-2.46,0,0,adfa_ld,normal
6.86,0,0,-3.86,0,0,adfa_ld,normal
9.51,0,0,-0.46,0,0,adfa_ld,normal
4.7,0,0,-5.27,0,0,adfa_ld,normal
11.59,1,0,0.48,2,2,adfa_ld,lateral_movement
61.47,0,0,1.43,0,0,adfa_ld,normal
13.82,0,0,-3.83,0,0,adfa_ld,normal
26.18,0,0,6.33,0,0,adfa_ld,normal
19.36,0,0,-8.07,0,0,adfa_ld,normal
9.97,0,0,12.95,0,0,adfa_ld,normal
21.12,0,0,-9.01,0,0,adfa_ld,normal
7.94,0,0,-0.2,0,0,adfa_ld,normal
7.36,0,0,12.1,0,0,adfa_ld,normal
8.57,1,0,1.7,1,1,adfa_ld,credential_access
7.16,0,0,2.59,0,0,adfa_ld,normal
6.85,0,0,4.77,0,0,adfa_ld,normal
4.7,0,0,-5.27,0,0,adfa_ld,normal
9.56,0,0,1.67,0,0,adfa_ld,normal
4.7,0,0,-5.27,0,0,adfa_ld,normal
4.7,0,0,-5.27,0,0,adfa_ld,normal
4.7,0,0,-5.27,0,0,adfa_ld,normal
4.7,0,0,-5.27,0,0,adfa_ld,normal
12.46,2,0,-0.28,5,4,adfa_ld,reverse_shell
25.17,0,0,34.66,0,0,adfa_ld,normal
9.35,0,0,5.45,0,0,adfa_ld,normal
13.28,0,0,-0.22,0,0,adfa_ld,normal
9.62,0,0,1.98,0,0,adfa_ld,normal
15.35,0,0,1.26,0,0,adfa_ld,normal
6.5,0,0,2.92,0,0,adfa_ld,normal
9.75,0,0,-2.52,0,0,adfa_ld,normal
4.7,0,0,-5.27,0,0,adfa_ld,normal
5.42,2,0,1.76,4,3,adfa_ld,process_injection
4.7,0,0,-5.27,0,0,adfa_ld,normal
13.4,2,0,-0.28,5,4,adfa_ld,reverse_shell
4.7,0,0,-5.27,0,0,adfa_ld,normal
11.11,0,0,-1.61,0,0,adfa_ld,normal
22.31,0,0,0.0,0,0,adfa_ld,normal
13.07,2,0,1.09,4,3,adfa_ld,process_injection
14.51,2,0,0.85,4,3,adfa_ld,process_injection
20.07,0,0,27.85,0,0,adfa_ld,normal
20.01,0,0,-5.77,0,0,adfa_ld,normal
14.94,1,0,0.0,1,1,adfa_ld,credential_access
14.28,0,0,-4.66,0,0,adfa_ld,normal
11.23,0,0,0.92,0,0,adfa_ld,normal
9.23,0,0,9.64,0,0,local_machine,normal
23.08,0,0,-15.94,0,0,adfa_ld,normal
10.6,0,0,-0.07,0,0,adfa_ld,normal
7.64,0,0,7.02,0,0,adfa_ld,normal
18.72,1,0,-17.89,2,2,adfa_ld,lateral_movement
14.52,2,0,13.27,5,4,adfa_ld,reverse_shell
11.66,0,0,-0.14,0,0,adfa_ld,normal
29.08,0,0,4.23,0,0,adfa_ld,normal
9.96,0,0,-1.8,0,0,adfa_ld,normal
12.52,0,0,-13.69,0,0,adfa_ld,normal
14.08,0,0,-0.54,0,0,adfa_ld,normal
10.72,0,0,0.6,0,0,adfa_ld,normal
7.99,0,0,5.83,0,0,adfa_ld,normal
27.46,0,0,1.64,0,0,adfa_ld,normal
20.74,0,0,-19.96,0,0,adfa_ld,normal
29.38,0,0,7.02,0,0,adfa_ld,normal
14.19,2,0,-0.07,5,4,adfa_ld,reverse_shell
13.46,0,0,0.53,0,0,adfa_ld,normal
10.43,0,0,0.13,0,0,adfa_ld,normal
10.79,0,0,0.0,0,0,adfa_ld,normal
19.42,0,0,7.89,0,0,adfa_ld,normal
4.7,0,0,-5.27,0,0,adfa_ld,normal
7.51,0,0,-0.22,0,0,adfa_ld,normal
11.12,0,0,-1.38,0,0,adfa_ld,normal
4.7,0,0,5.61,0,0,adfa_ld,normal
4.7,0,0,-5.27,0,0,adfa_ld,normal
12.05,2,1,0.51,3,3,adfa_ld,privilege_escalation
26.29,0,0,-3.29,0,0,adfa_ld,normal
8.95,1,0,1.97,1,1,adfa_ld,credential_access
14.08,0,0,-0.54,0,0,adfa_ld,normal
8.58,0,0,5.59,0,0,adfa_ld,normal
4.7,0,0,-5.27,0,0,adfa_ld,normal
11.01,0,0,-3.55,0,0,adfa_ld,normal
26.01,0,0,-9.84,0,0,adfa_ld,normal
6.58,0,0,-5.37,0,0,adfa_ld,normal
12.92,1,0,8.26,2,2,adfa_ld,lateral_movement
13.84,0,0,0.27,0,0,adfa_ld,normal
21.86,2,0,0.39,5,4,adfa_ld,reverse_shell
24.64,0,0,-1.39,0,0,adfa_ld,normal
12.64,0,0,-2.03,0,0,adfa_ld,normal
7.36,0,0,12.1,0,0,adfa_ld,normal
4.7,0,0,-5.27,0,0,adfa_ld,normal
9.64,0,0,-1.6,0,0,adfa_ld,normal
9.56,0,0,-1.04,0,0,adfa_ld,normal
26.45,0,0,2.55,0,0,adfa_ld,normal
48.67,0,0,-24.79,0,0,adfa_ld,normal
9.89,0,0,5.25,0,0,adfa_ld,normal
9.41,0,0,1.63,0,0,adfa_ld,normal
15.46,0,0,1.44,0,0,adfa_ld,normal
6.53,0,0,-3.28,0,0,adfa_ld,normal
4.7,0,0,-5.27,0,0,adfa_ld,normal
11.24,2,0,-0.25,5,4,adfa_ld,reverse_shell
4.7,0,0,-5.27,0,0,adfa_ld,normal
4.7,0,0,-5.27,0,0,adfa_ld,normal
8.6,0,0,2.81,0,0,adfa_ld,normal
10.57,0,0,7.88,0,0,adfa_ld,normal
10.77,0,0,3.54,0,0,adfa_ld,normal
4.87,0,0,5.24,0,0,adfa_ld,normal
6.69,0,0,-0.61,0,0,adfa_ld,normal
16.0,0,0,3.06,0,0,adfa_ld,normal
10.39,0,0,2.69,0,0,adfa_ld,normal
10.63,0,0,-13.4,0,0,adfa_ld,normal
13.28,0,0,13.51,0,0,adfa_ld,normal
15.9,0,0,-3.73,0,0,adfa_ld,normal
7.83,2,0,-9.99,5,4,adfa_ld,reverse_shell
14.39,1,0,-9.7,2,2,adfa_ld,lateral_movement
15.86,0,0,-0.2,0,0,adfa_ld,normal
27.47,0,0,-1.32,0,0,adfa_ld,normal
14.66,1,0,0.07,2,2,adfa_ld,lateral_movement
22.77,0,0,3.57,0,0,adfa_ld,normal
7.37,0,0,-6.61,0,0,adfa_ld,normal
7.72,0,0,-8.25,0,0,adfa_ld,normal
13.36,2,0,-2.54,5,4,adfa_ld,reverse_shell
5.38,0,0,1.46,0,0,adfa_ld,normal
4.7,0,0,-5.27,0,0,adfa_ld,normal
27.71,0,0,-13.39,0,0,adfa_ld,normal
1.61,0,0,-4.09,0,0,adfa_ld,normal
28.05,0,0,0.75,0,0,adfa_ld,normal
15.9,0,0,-3.73,0,0,adfa_ld,normal
4.7,0,0,-5.27,0,0,adfa_ld,normal
15.65,2,0,-0.07,5,4,adfa_ld,reverse_shell
16.97,0,0,1.92,0,0,adfa_ld,normal
15.15,1,0,0.44,1,1,adfa_ld,credential_access
4.7,0,0,-5.27,0,0,adfa_ld,normal
22.84,0,0,17.69,0,0,adfa_ld,normal
32.85,0,0,26.81,0,0,adfa_ld,normal
11.72,1,0,-0.27,1,1,adfa_ld,credential_access
6.6,0,0,-4.48,0,0,adfa_ld,normal
22.77,0,0,3.57,0,0,adfa_ld,normal
9.68,0,0,-2.29,0,0,adfa_ld,normal
4.7,0,0,-5.27,0,0,adfa_ld,normal
11.52,2,0,-0.18,5,4,adfa_ld,reverse_shell
20.74,2,0,-0.98,4,3,adfa_ld,process_injection
11.43,2,0,1.23,4,3,adfa_ld,process_injection
11.16,2,0,-7.02,5,4,adfa_ld,reverse_shell
22.53,0,0,-4.07,0,0,adfa_ld,normal
17.02,1,0,13.09,2,2,adfa_ld,lateral_movement
14.5,0,0,2.77,0,0,adfa_ld,normal
10.56,0,0,-0.35,0,0,adfa_ld,normal
4.62,0,0,0.21,0,0,local_machine,normal
6.76,0,0,-2.67,0,0,adfa_ld,normal
13.67,2,1,-0.1,3,3,adfa_ld,privilege_escalation
8.7,0,0,-13.29,0,0,adfa_ld,normal
23.59,0,0,28.65,0,0,adfa_ld,normal
16.01,2,0,-0.09,5,4,adfa_ld,reverse_shell
4.7,0,0,-5.27,0,0,adfa_ld,normal
9.36,0,0,-3.65,0,0,adfa_ld,normal
25.78,0,0,33.93,0,0,adfa_ld,normal
25.7,0,0,28.29,0,0,adfa_ld,normal
4.7,0,0,-5.27,0,0,adfa_ld,normal
12.11,0,0,-6.31,0,0,adfa_ld,normal
4.7,0,0,-5.27,0,0,adfa_ld,normal
24.06,0,0,-0.04,0,0,adfa_ld,normal
8.82,0,0,-5.56,0,0,adfa_ld,normal
4.7,0,0,-5.27,0,0,adfa_ld,normal
70.45,0,0,21.25,0,0,adfa_ld,normal
15.96,0,0,0.0,0,0,adfa_ld,normal
19.36,0,0,-8.07,0,0,adfa_ld,normal
8.19,0,0,3.69,0,0,adfa_ld,normal
8.81,0,0,7.33,0,0,adfa_ld,normal
5.37,0,0,2.98,0,0,adfa_ld,normal
4.7,0,0,-5.27,0,0,adfa_ld,normal
24.54,0,0,3.89,0,0,adfa_ld,normal
16.05,1,0,0.34,2,2,adfa_ld,lateral_movement
23.01,0,0,19.4,0,0,adfa_ld,normal
7.09,0,0,-1.0,0,0,adfa_ld,normal
34.26,0,0,1.18,0,0,adfa_ld,normal
4.64,0,0,-5.34,0,0,adfa_ld,normal
13.92,0,0,-14.88,0,0,adfa_ld,normal
25.78,0,0,33.93,0,0,adfa_ld,normal
5.81,0,0,-0.34,0,0,adfa_ld,normal
4.7,0,0,-5.27,0,0,adfa_ld,normal
29.67,2,0,1.1,5,4,adfa_ld,reverse_shell
2.42,0,0,5.75,0,0,adfa_ld,normal
15.9,0,0,-3.73,0,0,adfa_ld,normal
4.7,0,0,-5.27,0,0,adfa_ld,normal
11.03,0,0,0.14,0,0,adfa_ld,normal
4.7,0,0,-5.27,0,0,adfa_ld,normal
9.1,0,0,1.7,0,0,adfa_ld,normal
12.87,0,0,-0.33,0,0,adfa_ld,normal
25.65,2,0,-1.2,5,4,adfa_ld,reverse_shell
12.48,0,0,0.74,0,0,adfa_ld,normal
12.14,1,0,0.02,2,2,adfa_ld,lateral_movement
28.5,0,0,15.33,0,0,adfa_ld,normal
2.93,0,0,-9.17,0,0,adfa_ld,normal
13.54,0,0,2.01,0,0,adfa_ld,normal
11.3,0,0,-1.49,0,0,adfa_ld,normal
4.7,0,0,-5.27,0,0,adfa_ld,normal
10.21,0,0,1.56,0,0,adfa_ld,normal
8.34,0,0,5.57,0,0,adfa_ld,normal
18.47,0,0,0.4,0,0,adfa_ld,normal
10.02,0,0,3.05,0,0,adfa_ld,normal
47.82,0,0,6.38,0,0,adfa_ld,normal
4.83,0,0,-2.32,0,0,adfa_ld,normal
9.89,0,0,5.25,0,0,adfa_ld,normal
7.15,0,0,-4.65,0,0,adfa_ld,normal
28.01,0,0,17.94,0,0,adfa_ld,normal
14.62,0,0,0.38,0,0,local_machine,normal
4.7,0,0,-5.27,0,0,adfa_ld,normal
16.61,0,0,-0.54,0,0,adfa_ld,normal
11.86,0,0,0.21,0,0,adfa_ld,normal
4.7,0,0,-5.27,0,0,adfa_ld,normal
11.74,2,0,-2.28,5,4,adfa_ld,reverse_shell
8.31,0,0,1.81,0,0,adfa_ld,normal
27.08,0,0,34.0,0,0,adfa_ld,normal
12.4,0,0,0.88,0,0,adfa_ld,normal
54.48,0,0,0.51,0,0,adfa_ld,normal
15.81,0,0,0.26,0,0,adfa_ld,normal
5.39,0,0,-9.82,0,0,adfa_ld,normal
10.0,0,0,-3.74,0,0,adfa_ld,normal
6.95,0,0,5.94,0,0,adfa_ld,normal
8.5,0,0,1.74,0,0,adfa_ld,normal
14.92,0,0,-18.54,0,0,adfa_ld,normal
8.81,0,0,7.33,0,0,adfa_ld,normal
11.4,0,0,-0.94,0,0,adfa_ld,normal
13.53,1,0,-0.06,1,1,adfa_ld,credential_access
28.03,0,0,-1.0,0,0,adfa_ld,normal
11.28,0,0,-2.54,0,0,adfa_ld,normal
10.5,1,0,-1.91,2,2,adfa_ld,lateral_movement
17.18,0,0,1.42,0,0,adfa_ld,normal
11.65,0,0,2.87,0,0,adfa_ld,normal
4.7,0,0,-5.27,0,0,adfa_ld,normal
18.21,0,0,7.54,0,0,adfa_ld,normal
12.38,0,0,0.07,0,0,adfa_ld,normal
12.77,0,0,-3.23,0,0,adfa_ld,normal
15.57,0,0,-18.1,0,0,adfa_ld,normal
72.0,0,0,0.05,0,0,adfa_ld,normal
22.77,0,0,3.57,0,0,adfa_ld,normal
18.17,0,0,2.0,0,0,adfa_ld,normal
11.35,0,0,-4.57,0,0,adfa_ld,normal
13.73,0,0,5.32,0,0,adfa_ld,normal
14.14,0,0,0.07,0,0,adfa_ld,normal
8.72,0,0,-0.8,0,0,adfa_ld,normal
4.7,0,0,-5.27,0,0,adfa_ld,normal
8.81,0,0,7.33,0,0,adfa_ld,normal
33.7,0,0,-12.81,0,0,adfa_ld,normal
25.92,0,0,27.18,0,0,adfa_ld,normal
20.41,0,0,-2.07,0,0,adfa_ld,normal
17.86,0,0,0.61,0,0,adfa_ld,normal
12.45,2,0,-0.45,5,4,adfa_ld,reverse_shell
7.22,2,0,3.52,4,3,adfa_ld,process_injection
14.01,0,0,-8.0,0,0,adfa_ld,normal
9.32,0,0,1.52,0,0,adfa_ld,normal
12.58,0,0,2.61,0,0,adfa_ld,normal
6.86,0,0,-2.95,0,0,adfa_ld,normal
4.7,0,0,-5.27,0,0,adfa_ld,normal
40.64,0,0,-4.11,0,0,adfa_ld,normal
12.57,0,0,2.63,0,0,adfa_ld,normal
11.63,0,0,1.15,0,0,adfa_ld,normal
6.62,0,0,0.05,0,0,adfa_ld,normal
20.18,0,0,-17.14,0,0,adfa_ld,normal
16.97,0,0,1.92,0,0,adfa_ld,normal
8.45,2,0,2.72,4,3,adfa_ld,process_injection
4.7,0,0,-5.27,0,0,adfa_ld,normal
13.82,0,0,-0.87,0,0,adfa_ld,normal
4.7,0,0,-5.27,0,0,adfa_ld,normal
7.05,0,0,-0.25,0,0,adfa_ld,normal
26.35,1,0,0.07,1,1,adfa_ld,credential_access
14.62,0,0,0.19,0,0,local_machine,normal
6.32,0,0,-0.88,0,0,adfa_ld,normal
4.7,0,0,-5.27,0,0,adfa_ld,normal
10.89,1,0,0.05,1,1,adfa_ld,credential_access
24.1,0,0,16.01,0,0,adfa_ld,normal
4.7,0,0,-5.27,0,0,adfa_ld,normal
4.7,0,0,-5.27,0,0,adfa_ld,normal
10.79,0,0,-0.42,0,0,adfa_ld,normal
4.7,0,0,-5.27,0,0,adfa_ld,normal
9.73,0,0,-0.98,0,0,adfa_ld,normal
22.7,0,0,1.69,0,0,adfa_ld,normal
6.91,0,0,-2.8,0,0,adfa_ld,normal
14.27,1,0,6.28,2,2,adfa_ld,lateral_movement
10.82,0,0,2.9,0,0,adfa_ld,normal
4.7,0,0,-5.27,0,0,adfa_ld,normal
4.7,0,0,-5.27,0,0,adfa_ld,normal
4.7,0,0,-5.27,0,0,adfa_ld,normal
8.08,2,0,-5.79,4,3,adfa_ld,process_injection
11.69,0,0,7.34,0,0,adfa_ld,normal
10.97,0,0,0.63,0,0,adfa_ld,normal
7.36,0,0,1.52,0,0,adfa_ld,normal
20.96,0,0,9.37,0,0,adfa_ld,normal
4.7,0,0,-5.27,0,0,adfa_ld,normal
7.05,0,0,-3.89,0,0,adfa_ld,normal
4.7,0,0,-5.27,0,0,adfa_ld,normal
12.93,0,0,-0.13,0,0,adfa_ld,normal
4.59,0,0,-3.96,0,0,adfa_ld,normal
12.3,2,0,-0.35,4,3,adfa_ld,process_injection
3.32,0,0,-9.08,0,0,adfa_ld,normal
13.73,2,0,-0.2,5,4,adfa_ld,reverse_shell
11.37,0,0,0.62,0,0,adfa_ld,normal
11.14,2,0,0.13,5,4,adfa_ld,reverse_shell
16.05,0,0,-3.38,0,0,adfa_ld,normal
21.63,0,0,-1.44,0,0,adfa_ld,normal
10.06,0,0,1.4,0,0,adfa_ld,normal
12.96,0,0,22.81,0,0,adfa_ld,normal
17.69,0,0,9.53,0,0,adfa_ld,normal
11.76,0,0,-19.14,0,0,adfa_ld,normal
4.7,0,0,-5.27,0,0,adfa_ld,normal
11.84,0,0,3.39,0,0,adfa_ld,normal
4.7,0,0,-5.27,0,0,adfa_ld,normal
30.41,0,0,-0.76,0,0,adfa_ld,normal
15.97,1,0,-0.38,2,2,adfa_ld,lateral_movement
8.92,0,0,2.32,0,0,adfa_ld,normal
4.7,0,0,-5.27,0,0,adfa_ld,normal
11.52,2,1,-0.68,3,3,adfa_ld,privilege_escalation
22.7,0,0,1.69,0,0,adfa_ld,normal
7.84,0,0,-0.17,0,0,adfa_ld,normal
4.59,0,0,-3.96,0,0,adfa_ld,normal
10.47,0,0,-1.82,0,0,adfa_ld,normal
15.38,0,0,0.49,0,0,local_machine,normal
8.93,0,0,0.5,0,0,adfa_ld,normal
6.81,0,0,-6.77,0,0,adfa_ld,normal
4.08,0,0,-2.0,0,0,adfa_ld,normal
8.36,0,0,-4.56,0,0,adfa_ld,normal
4.7,0,0,-5.27,0,0,adfa_ld,normal
12.3,0,0,-8.02,0,0,adfa_ld,normal
25.46,0,0,0.02,0,0,adfa_ld,normal
16.97,0,0,1.92,0,0,adfa_ld,normal
21.49,0,0,31.24,0,0,adfa_ld,normal
10.78,0,0,1.68,0,0,adfa_ld,normal
9.13,0,0,-2.21,0,0,adfa_ld,normal
25.1,0,0,1.7,0,0,adfa_ld,normal
23.58,1,0,0.61,1,1,adfa_ld,credential_access
18.46,0,0,0.24,0,0,local_machine,normal
10.72,0,0,13.22,0,0,adfa_ld,normal
18.96,0,0,-13.36,0,0,adfa_ld,normal
21.81,0,0,-28.28,0,0,adfa_ld,normal
12.3,1,0,0.66,1,1,adfa_ld,credential_access
26.07,0,0,33.55,0,0,adfa_ld,normal
4.7,0,0,-5.27,0,0,adfa_ld,normal
28.89,0,0,0.27,0,0,adfa_ld,normal
11.53,0,0,9.18,0,0,adfa_ld,normal
8.58,0,0,1.79,0,0,adfa_ld,normal
7.99,0,0,5.83,0,0,adfa_ld,normal
3.37,0,0,8.32,0,0,adfa_ld,normal
9.92,0,0,-6.18,0,0,adfa_ld,normal
20.01,0,0,-5.77,0,0,adfa_ld,normal
12.18,0,0,6.5,0,0,adfa_ld,normal
7.54,0,0,-2.84,0,0,adfa_ld,normal
10.03,0,0,-7.22,0,0,adfa_ld,normal
32.55,1,0,-0.13,2,2,adfa_ld,lateral_movement
15.39,0,0,-19.87,0,0,adfa_ld,normal
7.75,0,0,-0.21,0,0,adfa_ld,normal
4.7,0,0,-5.27,0,0,adfa_ld,normal
21.3,0,0,29.7,0,0,adfa_ld,normal
7.57,0,0,-0.22,0,0,adfa_ld,normal
25.36,0,0,4.08,0,0,adfa_ld,normal
11.17,0,0,-1.12,0,0,adfa_ld,normal
11.32,0,0,-0.33,0,0,adfa_ld,normal
4.7,0,0,-5.27,0,0,adfa_ld,normal
30.82,0,0,14.33,0,0,adfa_ld,normal
4.73,0,0,0.47,0,0,adfa_ld,normal
10.14,0,0,4.96,0,0,adfa_ld,normal
6.23,0,0,-0.07,0,0,adfa_ld,normal
13.97,0,0,-1.96,0,0,adfa_ld,normal
8.78,0,0,-5.62,0,0,adfa_ld,normal
7.92,0,0,10.98,0,0,adfa_ld,normal
4.7,0,0,-5.27,0,0,adfa_ld,normal
17.94,0,0,-32.27,0,0,adfa_ld,normal
4.7,0,0,-5.27,0,0,adfa_ld,normal
34.71,1,0,0.08,2,2,adfa_ld,lateral_movement
25.7,0,0,28.29,0,0,adfa_ld,normal
24.0,0,0,6.52,0,0,adfa_ld,normal
6.53,0,0,-2.16,0,0,adfa_ld,normal
23.77,0,0,-26.19,0,0,adfa_ld,normal
14.82,2,0,-2.27,4,3,adfa_ld,process_injection
22.31,0,0,-13.59,0,0,adfa_ld,normal
8.35,0,0,-11.29,0,0,adfa_ld,normal
24.08,0,0,-0.75,0,0,adfa_ld,normal
4.7,0,0,-6.06,0,0,adfa_ld,normal
11.13,0,0,-1.29,0,0,adfa_ld,normal
3.33,0,0,-0.57,0,0,adfa_ld,normal
5.39,0,0,-9.82,0,0,adfa_ld,normal
9.58,0,0,-0.3,0,0,adfa_ld,normal
4.7,0,0,-5.27,0,0,adfa_ld,normal
30.51,0,0,0.67,0,0,adfa_ld,normal
16.9,0,0,-3.28,0,0,adfa_ld,normal
12.99,1,0,14.65,2,2,adfa_ld,lateral_movement
16.92,0,0,28.97,0,0,adfa_ld,normal
16.25,0,0,-2.66,0,0,adfa_ld,normal
4.7,0,0,-5.27,0,0,adfa_ld,normal
29.5,0,0,-9.19,0,0,adfa_ld,normal
4.55,0,0,-3.1,0,0,adfa_ld,normal
21.72,0,0,0.22,0,0,adfa_ld,normal
21.92,0,0,-0.09,0,0,adfa_ld,normal
16.93,0,0,-24.96,0,0,adfa_ld,normal
12.73,0,0,-6.51,0,0,adfa_ld,normal
24.1,0,0,16.01,0,0,adfa_ld,normal
10.99,0,0,-13.62,0,0,adfa_ld,normal
12.86,1,0,-0.87,1,1,adfa_ld,credential_access
28.35,0,0,11.05,0,0,adfa_ld,normal
17.23,0,0,-2.8,0,0,adfa_ld,normal
6.77,0,0,-8.39,0,0,adfa_ld,normal
6.3,0,0,-4.9,0,0,adfa_ld,normal
4.7,0,0,-5.27,0,0,adfa_ld,normal
9.37,0,0,-10.84,0,0,adfa_ld,normal
13.98,2,0,-1.05,4,3,adfa_ld,process_injection
29.38,0,0,7.02,0,0,adfa_ld,normal
15.37,0,0,-2.16,0,0,adfa_ld,normal
2.69,0,0,6.21,0,0,adfa_ld,normal
14.65,0,0,4.48,0,0,adfa_ld,normal
6.56,0,0,-8.74,0,0,adfa_ld,normal
10.11,0,0,-3.95,0,0,adfa_ld,normal
4.83,0,0,1.69,0,0,adfa_ld,normal
11.66,0,0,-0.69,0,0,adfa_ld,normal
14.32,0,0,11.82,0,0,adfa_ld,normal
6.33,0,0,0.33,0,0,adfa_ld,normal
23.17,0,0,1.63,0,0,adfa_ld,normal
4.7,0,0,-5.27,0,0,adfa_ld,normal
8.33,0,0,-12.88,0,0,adfa_ld,normal
27.22,0,0,2.75,0,0,adfa_ld,normal
12.78,0,0,-0.0,0,0,adfa_ld,normal
30.24,1,0,-5.56,1,1,adfa_ld,credential_access
11.48,0,0,-4.45,0,0,adfa_ld,normal
9.01,0,0,3.57,0,0,adfa_ld,normal
10.98,0,0,-0.25,0,0,adfa_ld,normal
4.7,0,0,-5.27,0,0,adfa_ld,normal
19.16,1,0,0.19,1,1,adfa_ld,credential_access
14.1,0,0,14.57,0,0,adfa_ld,normal
18.6,0,0,7.66,0,0,adfa_ld,normal
24.08,2,0,0.46,4,3,adfa_ld,process_injection
46.93,0,0,-5.05,0,0,adfa_ld,normal
25.18,0,0,-23.14,0,0,adfa_ld,normal
6.83,0,0,1.23,0,0,adfa_ld,normal
16.12,0,0,9.09,0,0,adfa_ld,normal
4.7,0,0,-5.27,0,0,adfa_ld,normal
8.53,0,0,3.66,0,0,adfa_ld,normal
4.7,0,0,-5.27,0,0,adfa_ld,normal
11.22,0,0,0.87,0,0,adfa_ld,normal
13.91,0,0,-0.2,0,0,adfa_ld,normal
13.31,2,0,0.06,4,3,adfa_ld,process_injection
11.2,0,0,0.84,0,0,adfa_ld,normal
5.67,0,0,-5.92,0,0,adfa_ld,normal
22.31,0,0,-13.59,0,0,adfa_ld,normal
6.49,0,0,-7.66,0,0,adfa_ld,normal
20.02,0,0,10.27,0,0,adfa_ld,normal
16.4,2,0,0.3,4,3,adfa_ld,process_injection
15.65,0,0,15.42,0,0,adfa_ld,normal
4.7,0,0,-5.27,0,0,adfa_ld,normal
23.18,2,0,0.1,4,3,adfa_ld,process_injection
9.03,0,0,2.1,0,0,adfa_ld,normal
22.05,0,0,14.55,0,0,adfa_ld,normal
4.7,0,0,-5.27,0,0,adfa_ld,normal
14.35,0,0,-0.82,0,0,adfa_ld,normal
4.7,0,0,-5.27,0,0,adfa_ld,normal
5.15,0,0,-6.32,0,0,adfa_ld,normal
22.73,0,0,1.69,0,0,adfa_ld,normal
19.49,0,0,1.01,0,0,adfa_ld,normal
4.7,0,0,-5.27,0,0,adfa_ld,normal
13.94,2,0,12.66,4,3,adfa_ld,process_injection
29.21,0,0,7.28,0,0,adfa_ld,normal
12.99,1,0,14.65,1,1,adfa_ld,credential_access
17.37,0,0,0.12,0,0,adfa_ld,normal
5.53,0,0,-11.38,0,0,adfa_ld,normal
4.83,0,0,1.69,0,0,adfa_ld,normal
11.38,0,0,7.1,0,0,adfa_ld,normal
5.79,0,0,-9.92,0,0,adfa_ld,normal
24.85,0,0,13.1,0,0,adfa_ld,normal
4.7,0,0,-5.27,0,0,adfa_ld,normal
4.7,0,0,-5.27,0,0,adfa_ld,normal
17.87,2,1,0.0,3,3,adfa_ld,privilege_escalation
12.61,0,0,0.09,0,0,adfa_ld,normal
5.29,0,0,-3.34,0,0,adfa_ld,normal
8.85,0,0,5.64,0,0,adfa_ld,normal
4.7,0,0,-5.27,0,0,adfa_ld,normal
4.7,0,0,-5.27,0,0,adfa_ld,normal
28.83,0,0,0.06,0,0,adfa_ld,normal
3.22,0,0,4.49,0,0,adfa_ld,normal
4.7,0,0,-7.2,0,0,adfa_ld,normal
21.37,0,0,0.91,0,0,adfa_ld,normal
12.11,0,0,1.05,0,0,adfa_ld,normal
31.29,0,0,1.99,0,0,adfa_ld,normal
10.56,0,0,2.16,0,0,adfa_ld,normal
7.36,0,0,12.1,0,0,adfa_ld,normal
4.7,0,0,-5.27,0,0,adfa_ld,normal
22.36,2,0,0.46,5,4,adfa_ld,reverse_shell
8.81,0,0,7.33,0,0,adfa_ld,normal
7.65,0,0,-3.4,0,0,adfa_ld,normal
9.56,0,0,1.67,0,0,adfa_ld,normal
36.52,0,0,-0.72,0,0,adfa_ld,normal
4.7,0,0,-5.27,0,0,adfa_ld,normal
14.24,0,0,4.35,0,0,adfa_ld,normal
16.05,0,0,-3.38,0,0,adfa_ld,normal
61.47,0,0,1.28,0,0,adfa_ld,normal
17.91,2,1,13.52,3,3,adfa_ld,privilege_escalation
4.7,0,0,-5.27,0,0,adfa_ld,normal
13.12,2,1,0.85,3,3,adfa_ld,privilege_escalation
7.86,0,0,-0.2,0,0,adfa_ld,normal
22.45,0,0,0.09,0,0,adfa_ld,normal
4.7,0,0,-5.27,0,0,adfa_ld,normal
18.68,0,0,-22.69,0,0,adfa_ld,normal
7.24,0,0,-3.73,0,0,adfa_ld,normal
9.64,0,0,-1.6,0,0,adfa_ld,normal
8.23,0,0,2.51,0,0,adfa_ld,normal
15.9,0,0,-3.73,0,0,adfa_ld,normal
8.07,0,0,2.36,0,0,adfa_ld,normal
5.38,0,0,0.19,0,0,local_machine,normal
12.94,2,1,0.26,3,3,adfa_ld,privilege_escalation
12.15,0,0,6.47,0,0,adfa_ld,normal
11.79,0,0,-0.31,0,0,adfa_ld,normal
10.8,0,0,0.62,0,0,adfa_ld,normal
13.51,0,0,11.46,0,0,adfa_ld,normal
8.11,0,0,-4.42,0,0,adfa_ld,normal
46.84,0,0,2.19,0,0,adfa_ld,normal
12.78,2,0,0.91,4,3,adfa_ld,process_injection
28.55,0,0,18.39,0,0,adfa_ld,normal
8.79,0,0,-1.81,0,0,adfa_ld,normal
4.7,0,0,-5.27,0,0,adfa_ld,normal
14.36,0,0,-0.01,0,0,adfa_ld,normal
4.7,0,0,2.71,0,0,adfa_ld,normal
13.57,0,0,0.13,0,0,adfa_ld,normal
16.97,0,0,1.92,0,0,adfa_ld,normal
21.74,0,0,-5.59,0,0,adfa_ld,normal
9.89,0,0,5.25,0,0,adfa_ld,normal
4.7,0,0,-5.27,0,0,adfa_ld,normal
12.65,0,0,-11.87,0,0,adfa_ld,normal
4.7,0,0,-5.27,0,0,adfa_ld,normal
16.7,0,0,-1.86,0,0,adfa_ld,normal
11.55,0,0,-0.51,0,0,adfa_ld,normal
10.66,0,0,2.47,0,0,adfa_ld,normal
4.7,0,0,-5.27,0,0,adfa_ld,normal
22.37,0,0,27.66,0,0,adfa_ld,normal
13.4,0,0,3.91,0,0,adfa_ld,normal
23.14,1,0,0.02,1,1,adfa_ld,credential_access
31.83,0,0,17.08,0,0,adfa_ld,normal
4.7,0,0,-5.27,0,0,adfa_ld,normal
14.41,0,0,-20.8,0,0,adfa_ld,normal
4.7,0,0,-5.27,0,0,adfa_ld,normal
13.3,1,0,0.2,1,1,adfa_ld,credential_access
6.83,0,0,1.72,0,0,adfa_ld,normal
29.59,0,0,-1.66,0,0,adfa_ld,normal
7.54,0,0,-2.77,0,0,adfa_ld,normal
14.98,0,0,-4.83,0,0,adfa_ld,normal
15.44,0,0,0.54,0,0,adfa_ld,normal
22.77,0,0,3.57,0,0,adfa_ld,normal
10.86,0,0,-4.81,0,0,adfa_ld,normal
4.7,0,0,-5.27,0,0,adfa_ld,normal
22.47,0,0,12.11,0,0,adfa_ld,normal
11.29,0,0,-0.1,0,0,adfa_ld,normal
8.86,0,0,-0.83,0,0,adfa_ld,normal
14.4,0,0,-1.24,0,0,adfa_ld,normal
16.12,0,0,11.93,0,0,adfa_ld,normal
7.3,0,0,-5.45,0,0,adfa_ld,normal
4.7,0,0,-5.27,0,0,adfa_ld,normal
8.22,0,0,5.89,0,0,adfa_ld,normal
4.7,0,0,-5.27,0,0,adfa_ld,normal
27.08,0,0,34.0,0,0,adfa_ld,normal
4.7,0,0,-5.27,0,0,adfa_ld,normal
4.7,0,0,-5.27,0,0,adfa_ld,normal
4.7,0,0,-5.27,0,0,adfa_ld,normal
10.1,0,0,-2.3,0,0,adfa_ld,normal
22.77,0,0,3.57,0,0,adfa_ld,normal
27.33,0,0,24.71,0,0,adfa_ld,normal
22.38,0,0,19.48,0,0,adfa_ld,normal
4.7,0,0,-5.27,0,0,adfa_ld,normal
24.02,1,0,8.63,1,1,adfa_ld,credential_access
14.23,2,0,-0.6,5,4,adfa_ld,reverse_shell
16.01,2,0,0.19,5,4,adfa_ld,reverse_shell
6.62,0,0,2.55,0,0,adfa_ld,normal
10.52,0,0,3.11,0,0,adfa_ld,normal
19.48,1,0,13.07,2,2,adfa_ld,lateral_movement
4.49,0,0,-5.73,0,0,adfa_ld,normal
2.97,0,0,3.2,0,0,adfa_ld,normal
10.52,0,0,2.66,0,0,adfa_ld,normal
11.61,0,0,2.3,0,0,adfa_ld,normal
11.97,0,0,-1.55,0,0,adfa_ld,normal
4.7,0,0,-5.27,0,0,adfa_ld,normal
14.84,0,0,-1.22,0,0,adfa_ld,normal
25.78,0,0,33.93,0,0,adfa_ld,normal
30.04,0,0,39.32,0,0,adfa_ld,normal
11.18,0,0,0.0,0,0,adfa_ld,normal
9.48,0,0,1.53,0,0,adfa_ld,normal
10.29,0,0,-2.26,0,0,adfa_ld,normal
19.78,0,0,2.11,0,0,adfa_ld,normal
21.68,0,0,31.9,0,0,adfa_ld,normal
11.12,0,0,1.56,0,0,adfa_ld,normal
6.18,0,0,-4.35,0,0,adfa_ld,normal
4.7,0,0,-5.27,0,0,adfa_ld,normal
17.68,2,0,0.06,4,3,adfa_ld,process_injection
10.83,0,0,0.79,0,0,adfa_ld,normal
1.66,0,0,-4.02,0,0,adfa_ld,normal
16.54,1,0,-12.45,1,1,adfa_ld,credential_access
4.7,0,0,-5.27,0,0,adfa_ld,normal
17.16,2,1,-0.2,3,3,adfa_ld,privilege_escalation
21.03,1,0,0.13,2,2,adfa_ld,lateral_movement
8.84,0,0,-3.27,0,0,adfa_ld,normal
10.59,0,0,13.24,0,0,adfa_ld,normal
24.98,0,0,24.19,0,0,adfa_ld,normal
7.51,0,0,-0.19,0,0,adfa_ld,normal
4.7,0,0,-5.27,0,0,adfa_ld,normal
4.7,0,0,-5.27,0,0,adfa_ld,normal
9.97,0,0,12.95,0,0,adfa_ld,normal
25.23,0,0,2.47,0,0,adfa_ld,normal
22.77,0,0,3.57,0,0,adfa_ld,normal
8.37,1,0,1.55,1,1,adfa_ld,credential_access
26.28,0,0,12.6,0,0,adfa_ld,normal
4.1,0,0,-1.47,0,0,adfa_ld,normal
23.88,2,0,0.62,4,3,adfa_ld,process_injection
11.19,2,0,4.74,5,4,adfa_ld,reverse_shell
6.24,0,0,-4.08,0,0,adfa_ld,normal
4.7,0,0,-5.27,0,0,adfa_ld,normal
10.94,0,0,2.86,0,0,adfa_ld,normal
4.7,0,0,-5.27,0,0,adfa_ld,normal
30.81,0,0,40.18,0,0,adfa_ld,normal
16.05,0,0,-0.42,0,0,adfa_ld,normal
48.84,0,0,1.54,0,0,adfa_ld,normal
58.84,0,0,1.44,0,0,adfa_ld,normal
6.94,0,0,1.41,0,0,adfa_ld,normal
4.7,0,0,-5.27,0,0,adfa_ld,normal
12.87,0,0,14.27,0,0,adfa_ld,normal
19.13,0,0,0.0,0,0,adfa_ld,normal
4.7,0,0,-5.27,0,0,adfa_ld,normal
4.7,0,0,-5.27,0,0,adfa_ld,normal
4.7,0,0,-5.27,0,0,adfa_ld,normal
11.86,0,0,6.16,0,0,adfa_ld,normal
5.88,0,0,-1.03,0,0,adfa_ld,normal
26.22,0,0,27.71,0,0,adfa_ld,normal
14.25,1,0,15.53,1,1,adfa_ld,credential_access
4.7,0,0,-5.27,0,0,adfa_ld,normal
30.31,0,0,-0.37,0,0,adfa_ld,normal
4.7,0,0,-5.27,0,0,adfa_ld,normal
100.0,0,0,0.26,0,0,adfa_ld,normal
13.21,0,0,2.14,0,0,adfa_ld,normal
9.64,0,0,-1.6,0,0,adfa_ld,normal
14.02,0,0,0.41,0,0,adfa_ld,normal
24.27,1,0,-7.49,2,2,adfa_ld,lateral_movement
27.66,0,0,-1.03,0,0,adfa_ld,normal
5.29,0,0,3.13,0,0,adfa_ld,normal
18.3,0,0,2.44,0,0,adfa_ld,normal
14.12,0,0,10.33,0,0,adfa_ld,normal
6.66,0,0,-3.49,0,0,adfa_ld,normal
13.69,1,0,-7.78,2,2,adfa_ld,lateral_movement
4.7,0,0,-5.27,0,0,adfa_ld,normal
18.29,1,0,0.51,2,2,adfa_ld,lateral_movement
11.95,0,0,4.52,0,0,adfa_ld,normal
8.0,0,0,5.22,0,0,adfa_ld,normal
48.84,0,0,15.02,0,0,adfa_ld,normal
18.05,0,0,-3.14,0,0,adfa_ld,normal
10.57,2,1,1.76,3,3,adfa_ld,privilege_escalation
13.28,0,0,13.51,0,0,adfa_ld,normal
4.73,0,0,-6.02,0,0,adfa_ld,normal
7.72,0,0,8.55,0,0,adfa_ld,normal
11.04,0,0,-1.03,0,0,adfa_ld,normal
41.65,0,0,0.13,0,0,adfa_ld,normal
8.52,0,0,1.13,0,0,adfa_ld,normal
10.88,0,0,3.38,0,0,adfa_ld,normal
13.94,0,0,-10.61,0,0,adfa_ld,normal
23.09,0,0,24.56,0,0,adfa_ld,normal
11.43,0,0,0.42,0,0,adfa_ld,normal
4.7,0,0,-5.27,0,0,adfa_ld,normal
4.7,0,0,-5.27,0,0,adfa_ld,normal
11.31,0,0,4.02,0,0,adfa_ld,normal
4.7,0,0,-5.27,0,0,adfa_ld,normal
4.7,0,0,-5.27,0,0,adfa_ld,normal
20.0,0,0,0.36,0,0,local_machine,normal
23.17,0,0,1.63,0,0,adfa_ld,normal
4.7,0,0,-5.27,0,0,adfa_ld,normal
7.92,0,0,10.98,0,0,adfa_ld,normal
4.7,0,0,-5.27,0,0,adfa_ld,normal
15.9,0,0,-3.73,0,0,adfa_ld,normal
27.33,0,0,24.71,0,0,adfa_ld,normal
10.36,0,0,-3.35,0,0,adfa_ld,normal
4.7,0,0,-5.27,0,0,adfa_ld,normal
4.7,0,0,-5.27,0,0,adfa_ld,normal
4.7,0,0,-5.27,0,0,adfa_ld,normal
93.34,0,0,-23.71,0,0,adfa_ld,normal
16.7,2,0,0.06,5,4,adfa_ld,reverse_shell
13.84,0,0,-0.0,0,0,adfa_ld,normal
25.08,0,0,25.62,0,0,adfa_ld,normal
22.66,0,0,1.5,0,0,adfa_ld,normal
4.7,0,0,-5.27,0,0,adfa_ld,normal
22.77,0,0,3.57,0,0,adfa_ld,normal
12.79,0,0,4.08,0,0,adfa_ld,normal
4.72,0,0,-3.16,0,0,adfa_ld,normal
7.07,0,0,-2.43,0,0,adfa_ld,normal
25.78,0,0,33.93,0,0,adfa_ld,normal
10.47,0,0,0.74,0,0,adfa_ld,normal
8.89,0,0,-0.18,0,0,adfa_ld,normal
8.56,2,0,2.8,5,4,adfa_ld,reverse_shell
8.36,0,0,2.03,0,0,adfa_ld,normal
13.21,0,0,-1.89,0,0,adfa_ld,normal
22.77,0,0,3.57,0,0,adfa_ld,normal
8.09,0,0,-0.32,0,0,adfa_ld,normal
6.93,0,0,1.28,0,0,adfa_ld,normal
24.85,0,0,13.1,0,0,adfa_ld,normal
13.89,0,0,3.27,0,0,adfa_ld,normal
34.93,0,0,7.85,0,0,adfa_ld,normal
4.7,0,0,-5.27,0,0,adfa_ld,normal
5.09,0,0,0.58,0,0,adfa_ld,normal
4.7,0,0,-5.27,0,0,adfa_ld,normal
15.9,0,0,-3.73,0,0,adfa_ld,normal
3.44,0,0,-0.96,0,0,adfa_ld,normal
15.9,0,0,-3.73,0,0,adfa_ld,normal
9.2,0,0,-3.89,0,0,adfa_ld,normal
4.7,0,0,-5.27,0,0,adfa_ld,normal
12.94,0,0,3.96,0,0,adfa_ld,normal
4.7,0,0,-5.27,0,0,adfa_ld,normal
19.26,0,0,-6.26,0,0,adfa_ld,normal
21.36,0,0,2.38,0,0,adfa_ld,normal
7.86,0,0,-3.12,0,0,adfa_ld,normal
85.89,0,0,-12.8,0,0,adfa_ld,normal
28.83,0,0,0.06,0,0,adfa_ld,normal
21.41,0,0,1.82,0,0,adfa_ld,normal
9.39,0,0,-1.91,0,0,adfa_ld,normal
4.7,0,0,-5.27,0,0,adfa_ld,normal
19.7,2,0,-0.35,5,4,adfa_ld,reverse_shell
20.25,0,0,7.65,0,0,adfa_ld,normal
10.8,0,0,1.57,0,0,adfa_ld,normal
24.22,0,0,2.83,0,0,adfa_ld,normal
13.29,1,0,0.0,1,1,adfa_ld,credential_access
18.7,0,0,-1.47,0,0,adfa_ld,normal
7.76,0,0,2.14,0,0,adfa_ld,normal
4.7,0,0,-5.27,0,0,adfa_ld,normal
12.3,0,0,-12.4,0,0,adfa_ld,normal
26.99,1,0,-8.42,2,2,adfa_ld,lateral_movement
51.81,0,0,0.0,0,0,adfa_ld,normal
19.54,2,0,0.09,5,4,adfa_ld,reverse_shell
4.7,0,0,-5.27,0,0,adfa_ld,normal
6.72,0,0,2.44,0,0,adfa_ld,normal
10.1,0,0,0.63,0,0,adfa_ld,normal
10.04,0,0,0.05,0,0,adfa_ld,normal
16.09,0,0,0.45,0,0,adfa_ld,normal
6.87,2,0,-0.48,4,3,adfa_ld,process_injection
19.64,2,0,19.64,5,4,adfa_ld,reverse_shell
8.11,0,0,5.53,0,0,adfa_ld,normal
18.35,0,0,-4.57,0,0,adfa_ld,normal
5.21,0,0,-5.47,0,0,adfa_ld,normal
26.92,2,0,-11.41,5,4,adfa_ld,reverse_shell
13.28,0,0,13.51,0,0,adfa_ld,normal
10.87,0,0,-3.96,0,0,adfa_ld,normal
10.3,0,0,-2.42,0,0,adfa_ld,normal
25.78,0,0,33.93,0,0,adfa_ld,normal
7.92,0,0,-2.01,0,0,adfa_ld,normal
6.19,0,0,0.11,0,0,adfa_ld,normal
4.34,0,0,-6.8,0,0,adfa_ld,normal
11.7,0,0,0.93,0,0,adfa_ld,normal
8.83,0,0,12.64,0,0,adfa_ld,normal
4.7,0,0,-5.27,0,0,adfa_ld,normal
4.7,0,0,-5.27,0,0,adfa_ld,normal
18.69,1,0,2.26,2,2,adfa_ld,lateral_movement
9.4,0,0,-2.35,0,0,adfa_ld,normal
9.87,0,0,0.0,0,0,adfa_ld,normal
23.26,0,0,3.1,0,0,adfa_ld,normal
52.47,0,0,-0.3,0,0,adfa_ld,normal
9.56,0,0,-3.96,0,0,adfa_ld,normal
18.83,0,0,0.29,0,0,adfa_ld,normal
7.08,0,0,16.22,0,0,adfa_ld,normal
26.01,0,0,-9.84,0,0,adfa_ld,normal
44.13,0,0,0.27,0,0,adfa_ld,normal
4.7,0,0,-5.27,0,0,adfa_ld,normal
11.57,0,0,2.94,0,0,adfa_ld,normal
25.78,0,0,33.93,0,0,adfa_ld,normal
24.94,0,0,23.24,0,0,adfa_ld,normal
15.38,0,0,0.37,0,0,local_machine,normal
16.97,0,0,1.92,0,0,adfa_ld,normal
10.89,0,0,-0.59,0,0,adfa_ld,normal
9.52,0,0,-5.6,0,0,adfa_ld,normal
16.97,0,0,1.92,0,0,adfa_ld,normal
5.1,0,0,6.83,0,0,adfa_ld,normal
11.52,0,0,-0.34,0,0,adfa_ld,normal
15.12,0,0,3.14,0,0,adfa_ld,normal
4.7,0,0,-5.27,0,0,adfa_ld,normal
4.7,0,0,-5.27,0,0,adfa_ld,normal
8.92,0,0,-4.15,0,0,adfa_ld,normal
9.94,0,0,-6.35,0,0,adfa_ld,normal
4.7,0,0,-5.27,0,0,adfa_ld,normal
7.92,0,0,10.98,0,0,adfa_ld,normal
12.83,0,0,2.17,0,0,adfa_ld,normal
9.43,0,0,1.08,0,0,adfa_ld,normal
4.7,0,0,4.82,0,0,adfa_ld,normal
7.54,0,0,-2.84,0,0,adfa_ld,normal
12.64,0,0,0.59,0,0,adfa_ld,normal
22.77,0,0,3.57,0,0,adfa_ld,normal
9.13,0,0,-4.29,0,0,adfa_ld,normal
29.21,1,0,36.77,2,2,adfa_ld,lateral_movement
11.2,2,0,0.88,5,4,adfa_ld,reverse_shell
4.7,0,0,-5.27,0,0,adfa_ld,normal
21.47,0,0,-3.49,0,0,adfa_ld,normal
13.41,1,0,0.13,1,1,adfa_ld,credential_access
11.54,0,0,0.13,0,0,adfa_ld,normal
11.39,0,0,-4.01,0,0,adfa_ld,normal
12.23,1,0,-1.26,2,2,adfa_ld,lateral_movement
27.84,0,0,2.47,0,0,adfa_ld,normal
17.07,0,0,-19.51,0,0,adfa_ld,normal
10.98,0,0,2.15,0,0,adfa_ld,normal
4.7,0,0,-5.27,0,0,adfa_ld,normal
11.39,1,0,-0.03,1,1,adfa_ld,credential_access
10.1,0,0,0.63,0,0,adfa_ld,normal
25.7,0,0,28.29,0,0,adfa_ld,normal
18.12,0,0,1.24,0,0,adfa_ld,normal
7.99,0,0,5.83,0,0,adfa_ld,normal
10.41,0,0,8.92,0,0,adfa_ld,normal
9.68,0,0,3.89,0,0,adfa_ld,normal
24.89,0,0,-26.03,0,0,adfa_ld,normal
4.7,0,0,-5.27,0,0,adfa_ld,normal
15.39,2,1,0.07,3,3,adfa_ld,privilege_escalation
20.0,0,0,0.43,0,0,local_machine,normal
33.7,0,0,-12.81,0,0,adfa_ld,normal
9.48,0,0,1.92,0,0,adfa_ld,normal
15.46,0,0,0.0,0,0,adfa_ld,normal
10.77,0,0,3.54,0,0,adfa_ld,normal
9.89,0,0,5.25,0,0,adfa_ld,normal
9.58,0,0,-1.39,0,0,adfa_ld,normal
4.7,0,0,-5.27,0,0,adfa_ld,normal
11.52,0,0,1.18,0,0,adfa_ld,normal
11.62,0,0,0.0,0,0,adfa_ld,normal
12.97,2,0,0.06,5,4,adfa_ld,reverse_shell
30.18,0,0,-1.29,0,0,adfa_ld,normal
15.38,0,0,0.17,0,0,local_machine,normal
10.35,0,0,4.33,0,0,adfa_ld,normal
4.57,0,0,-4.88,0,0,adfa_ld,normal
4.7,0,0,-5.27,0,0,adfa_ld,normal
15.46,0,0,0.07,0,0,adfa_ld,normal
28.35,0,0,3.45,0,0,adfa_ld,normal
10.76,0,0,6.37,0,0,adfa_ld,normal
17.72,2,0,12.9,5,4,adfa_ld,reverse_shell
10.07,0,0,1.37,0,0,adfa_ld,normal
8.57,0,0,9.82,0,0,adfa_ld,normal
18.99,2,0,0.42,5,4,adfa_ld,reverse_shell
7.08,0,0,16.22,0,0,adfa_ld,normal
13.81,0,0,0.54,0,0,adfa_ld,normal
16.39,0,0,0.13,0,0,adfa_ld,normal
16.92,0,0,0.29,0,0,local_machine,normal
4.7,0,0,-5.27,0,0,adfa_ld,normal
4.7,0,0,-5.27,0,0,adfa_ld,normal
10.53,1,0,-0.61,2,2,adfa_ld,lateral_movement
13.51,0,0,11.46,0,0,adfa_ld,normal
7.72,0,0,-0.02,0,0,adfa_ld,normal
28.35,0,0,11.05,0,0,adfa_ld,normal
5.2,0,0,6.41,0,0,adfa_ld,normal
8.35,0,0,5.22,0,0,adfa_ld,normal
92.97,0,0,6.77,0,0,adfa_ld,normal
4.7,0,0,-5.27,0,0,adfa_ld,normal
14.04,0,0,-0.14,0,0,adfa_ld,normal
14.63,0,0,-2.74,0,0,adfa_ld,normal
26.79,0,0,4.38,0,0,adfa_ld,normal
4.7,0,0,-5.27,0,0,adfa_ld,normal
16.05,0,0,-3.38,0,0,adfa_ld,normal
9.35,0,0,-3.97,0,0,adfa_ld,normal
13.34,1,0,-0.27,2,2,adfa_ld,lateral_movement
4.7,0,0,-5.27,0,0,adfa_ld,normal
9.82,0,0,8.58,0,0,adfa_ld,normal
14.14,0,0,-0.01,0,0,adfa_ld,normal
4.7,0,0,-5.27,0,0,adfa_ld,normal
23.66,0,0,31.8,0,0,adfa_ld,normal
11.34,1,0,0.0,1,1,adfa_ld,credential_access
4.7,0,0,-4.48,0,0,adfa_ld,normal
15.6,1,0,0.51,1,1,adfa_ld,credential_access
8.81,0,0,7.33,0,0,adfa_ld,normal
30.21,0,0,0.18,0,0,adfa_ld,normal
22.05,0,0,-0.96,0,0,adfa_ld,normal
4.7,0,0,-5.27,0,0,adfa_ld,normal
4.7,0,0,-5.27,0,0,adfa_ld,normal
30.82,0,0,14.33,0,0,adfa_ld,normal
4.7,0,0,-5.27,0,0,adfa_ld,normal
5.95,0,0,-9.65,0,0,adfa_ld,normal
4.7,0,0,-5.27,0,0,adfa_ld,normal
4.7,0,0,-5.27,0,0,adfa_ld,normal
4.7,0,0,-5.27,0,0,adfa_ld,normal
24.0,0,0,22.75,0,0,adfa_ld,normal
100.0,0,0,5.92,0,0,adfa_ld,normal
7.08,0,0,-0.82,0,0,adfa_ld,normal
32.43,0,0,21.77,0,0,adfa_ld,normal
4.7,0,0,-5.27,0,0,adfa_ld,normal
22.44,1,0,4.84,2,2,adfa_ld,lateral_movement
6.96,0,0,-3.78,0,0,adfa_ld,normal
9.16,0,0,3.61,0,0,adfa_ld,normal
13.48,0,0,0.1,0,0,adfa_ld,normal
18.76,2,0,14.65,5,4,adfa_ld,reverse_shell
20.01,1,0,14.63,1,1,adfa_ld,credential_access
25.41,0,0,-0.46,0,0,adfa_ld,normal
61.47,0,0,1.43,0,0,adfa_ld,normal
14.86,0,0,0.27,0,0,adfa_ld,normal
22.31,0,0,6.83,0,0,adfa_ld,normal
23.08,0,0,-15.94,0,0,adfa_ld,normal
16.6,0,0,0.68,0,0,adfa_ld,normal
20.01,0,0,-5.77,0,0,adfa_ld,normal
4.7,0,0,-5.27,0,0,adfa_ld,normal
24.46,0,0,3.52,0,0,adfa_ld,normal
4.55,0,0,-3.1,0,0,adfa_ld,normal
20.47,1,0,12.5,2,2,adfa_ld,lateral_movement
8.22,0,0,5.89,0,0,adfa_ld,normal
4.7,0,0,-5.27,0,0,adfa_ld,normal
16.16,0,0,-0.22,0,0,adfa_ld,normal
16.7,0,0,-25.79,0,0,adfa_ld,normal
11.76,0,0,-6.63,0,0,adfa_ld,normal
15.39,0,0,-19.87,0,0,adfa_ld,normal
15.86,0,0,0.0,0,0,adfa_ld,normal
16.42,1,0,10.14,2,2,adfa_ld,lateral_movement
20.71,1,0,-1.18,2,2,adfa_ld,lateral_movement
4.7,0,0,-5.27,0,0,adfa_ld,normal
27.96,0,0,30.37,0,0,adfa_ld,normal
16.26,0,0,6.03,0,0,adfa_ld,normal
9.71,0,0,-0.68,0,0,adfa_ld,normal
4.7,0,0,-6.06,0,0,adfa_ld,normal
24.07,0,0,-25.69,0,0,adfa_ld,normal
7.08,0,0,16.22,0,0,adfa_ld,normal
8.86,0,0,0.05,0,0,adfa_ld,normal
12.12,0,0,-0.2,0,0,adfa_ld,normal
13.64,0,0,2.11,0,0,adfa_ld,normal
9.71,0,0,-1.89,0,0,adfa_ld,normal
4.7,0,0,-5.27,0,0,adfa_ld,normal
22.31,0,0,-13.59,0,0,adfa_ld,normal
14.2,1,0,0.13,2,2,adfa_ld,lateral_movement
12.51,0,0,0.5,0,0,adfa_ld,normal
11.6,0,0,2.25,0,0,adfa_ld,normal
4.7,0,0,-5.27,0,0,adfa_ld,normal
10.83,0,0,-0.4,0,0,adfa_ld,normal
4.7,0,0,-5.27,0,0,adfa_ld,normal
26.22,0,0,24.29,0,0,adfa_ld,normal
6.87,0,0,-5.4,0,0,adfa_ld,normal
15.5,2,0,0.52,5,4,adfa_ld,reverse_shell
12.16,2,0,-0.28,4,3,adfa_ld,process_injection
15.7,1,0,0.12,2,2,adfa_ld,lateral_movement
10.76,0,0,-15.29,0,0,adfa_ld,normal
24.8,0,0,1.04,0,0,adfa_ld,normal
8.18,0,0,7.09,0,0,adfa_ld,normal
10.9,0,0,0.99,0,0,adfa_ld,normal
4.7,0,0,-5.27,0,0,adfa_ld,normal
18.98,0,0,13.98,0,0,adfa_ld,normal
26.85,0,0,4.43,0,0,adfa_ld,normal
20.77,0,0,-0.97,0,0,adfa_ld,normal
7.48,0,0,-0.02,0,0,adfa_ld,normal
12.24,0,0,-0.19,0,0,adfa_ld,normal
23.27,0,0,-1.28,0,0,adfa_ld,normal
6.24,0,0,0.87,0,0,adfa_ld,normal
12.71,0,0,-3.43,0,0,adfa_ld,normal
16.69,0,0,-18.39,0,0,adfa_ld,normal
8.78,0,0,-3.06,0,0,adfa_ld,normal
11.81,2,0,-0.97,5,4,adfa_ld,reverse_shell
11.53,0,0,0.0,0,0,adfa_ld,normal
24.15,0,0,0.38,0,0,adfa_ld,normal
12.52,0,0,-0.08,0,0,adfa_ld,normal
18.24,0,0,-0.63,0,0,adfa_ld,normal
7.08,0,0,15.41,0,0,adfa_ld,normal
4.7,0,0,-5.27,0,0,adfa_ld,normal
7.51,0,0,-0.22,0,0,adfa_ld,normal
8.79,0,0,0.67,0,0,adfa_ld,normal
25.78,0,0,33.93,0,0,adfa_ld,normal
28.35,0,0,11.05,0,0,adfa_ld,normal
18.82,0,0,9.11,0,0,adfa_ld,normal
14.68,0,0,-8.31,0,0,adfa_ld,normal
10.92,0,0,0.41,0,0,adfa_ld,normal
18.68,0,0,-22.69,0,0,adfa_ld,normal
25.61,1,0,2.39,1,1,adfa_ld,credential_access
9.56,0,0,1.67,0,0,adfa_ld,normal
4.7,0,0,-5.27,0,0,adfa_ld,normal
10.77,0,0,3.54,0,0,adfa_ld,normal
19.23,2,0,0.82,4,3,adfa_ld,process_injection
4.7,0,0,-5.27,0,0,adfa_ld,normal
24.0,0,0,22.68,0,0,adfa_ld,normal
4.7,0,0,-5.27,0,0,adfa_ld,normal
18.44,0,0,2.88,0,0,adfa_ld,normal
19.92,0,0,0.0,0,0,adfa_ld,normal
27.37,0,0,31.16,0,0,adfa_ld,normal
27.66,0,0,-1.03,0,0,adfa_ld,normal
11.6,2,0,-1.01,5,4,adfa_ld,reverse_shell
27.08,0,0,34.0,0,0,adfa_ld,normal
6.35,0,0,-4.97,0,0,adfa_ld,normal
7.01,0,0,2.38,0,0,adfa_ld,normal
19.49,0,0,-24.09,0,0,adfa_ld,normal
4.7,0,0,-5.27,0,0,adfa_ld,normal
19.52,0,0,-0.05,0,0,adfa_ld,normal
4.7,0,0,-5.27,0,0,adfa_ld,normal
8.25,0,0,0.2,0,0,adfa_ld,normal
3.63,0,0,3.35,0,0,adfa_ld,normal
4.7,0,0,-6.06,0,0,adfa_ld,normal
25.9,0,0,-0.13,0,0,adfa_ld,normal
4.7,0,0,-5.27,0,0,adfa_ld,normal
10.63,0,0,13.36,0,0,adfa_ld,normal
13.82,0,0,1.13,0,0,adfa_ld,normal
5.79,0,0,-9.92,0,0,adfa_ld,normal
27.43,0,0,1.32,0,0,adfa_ld,normal
4.7,0,0,-5.27,0,0,adfa_ld,normal
5.32,0,0,-9.03,0,0,adfa_ld,normal
7.72,0,0,-8.25,0,0,adfa_ld,normal
36.08,0,0,1.24,0,0,adfa_ld,normal
26.51,0,0,0.0,0,0,adfa_ld,normal
9.93,0,0,14.02,0,0,adfa_ld,normal
27.08,0,0,34.0,0,0,adfa_ld,normal
6.96,0,0,-4.11,0,0,adfa_ld,normal
7.69,0,0,-1.79,0,0,adfa_ld,normal
10.38,0,0,0.94,0,0,adfa_ld,normal
11.0,2,0,-16.82,4,3,adfa_ld,process_injection
53.76,0,0,9.34,0,0,adfa_ld,normal
10.5,0,0,4.01,0,0,adfa_ld,normal
14.05,1,0,1.26,2,2,adfa_ld,lateral_movement
14.69,2,0,0.34,5,4,adfa_ld,reverse_shell
4.7,0,0,-5.27,0,0,adfa_ld,normal
4.7,0,0,-5.27,0,0,adfa_ld,normal
3.32,0,0,-9.08,0,0,adfa_ld,normal
7.1,0,0,0.0,0,0,adfa_ld,normal
4.7,0,0,-5.27,0,0,adfa_ld,normal
11.46,0,0,12.86,0,0,adfa_ld,normal
30.04,0,0,39.32,0,0,adfa_ld,normal
9.94,0,0,-4.15,0,0,adfa_ld,normal
22.7,0,0,1.69,0,0,adfa_ld,normal
7.72,0,0,-2.43,0,0,adfa_ld,normal
14.2,2,0,-0.54,4,3,adfa_ld,process_injection
10.1,0,0,0.63,0,0,adfa_ld,normal
4.88,0,0,-3.45,0,0,adfa_ld,normal
31.94,1,0,0.15,2,2,adfa_ld,lateral_movement
10.97,0,0,0.63,0,0,adfa_ld,normal
8.43,0,0,0.0,0,0,adfa_ld,normal
17.62,0,0,-8.6,0,0,adfa_ld,normal
10.63,0,0,13.36,0,0,adfa_ld,normal
16.29,2,0,-0.34,4,3,adfa_ld,process_injection
14.32,0,0,0.34,0,0,adfa_ld,normal
9.28,0,0,-2.16,0,0,adfa_ld,normal
26.18,0,0,6.33,0,0,adfa_ld,normal
8.91,0,0,-2.65,0,0,adfa_ld,normal
14.27,0,0,0.07,0,0,adfa_ld,normal
14.02,1,0,0.54,1,1,adfa_ld,credential_access
30.37,0,0,15.22,0,0,adfa_ld,normal
29.8,0,0,45.96,0,0,adfa_ld,normal
4.7,0,0,-5.27,0,0,adfa_ld,normal
19.45,0,0,7.67,0,0,adfa_ld,normal
11.85,0,0,10.92,0,0,adfa_ld,normal
6.69,0,0,-0.61,0,0,adfa_ld,normal
2.26,0,0,8.27,0,0,adfa_ld,normal
11.27,0,0,12.75,0,0,adfa_ld,normal
4.7,0,0,-5.27,0,0,adfa_ld,normal
4.7,0,0,-5.27,0,0,adfa_ld,normal
29.44,0,0,5.52,0,0,adfa_ld,normal
1.64,0,0,-3.97,0,0,adfa_ld,normal
20.0,0,0,0.24,0,0,local_machine,normal
3.03,0,0,3.1,0,0,adfa_ld,normal
11.15,0,0,0.83,0,0,adfa_ld,normal
18.19,1,0,0.67,1,1,adfa_ld,credential_access
11.42,2,0,2.86,5,4,adfa_ld,reverse_shell
24.63,1,0,-8.68,2,2,adfa_ld,lateral_movement
4.7,0,0,-5.27,0,0,adfa_ld,normal
5.7,0,0,-5.25,0,0,adfa_ld,normal
4.7,0,0,-5.27,0,0,adfa_ld,normal
11.62,0,0,-1.42,0,0,adfa_ld,normal
18.44,0,0,1.02,0,0,adfa_ld,normal
25.98,0,0,-0.26,0,0,adfa_ld,normal
8.92,0,0,5.59,0,0,adfa_ld,normal
13.56,0,0,2.63,0,0,adfa_ld,normal
23.45,0,0,-0.16,0,0,adfa_ld,normal
22.77,0,0,3.57,0,0,adfa_ld,normal
52.06,0,0,0.05,0,0,adfa_ld,normal
27.22,0,0,2.75,0,0,adfa_ld,normal
12.18,0,0,6.5,0,0,adfa_ld,normal
17.16,1,0,-3.35,2,2,adfa_ld,lateral_movement
19.06,2,0,-5.75,5,4,adfa_ld,reverse_shell
12.75,0,0,-0.07,0,0,adfa_ld,normal
10.38,1,0,-4.02,1,1,adfa_ld,credential_access
22.38,0,0,19.48,0,0,adfa_ld,normal
8.22,0,0,-2.3,0,0,adfa_ld,normal
12.96,0,0,22.81,0,0,adfa_ld,normal
4.7,0,0,-5.27,0,0,adfa_ld,normal
26.01,0,0,-9.84,0,0,adfa_ld,normal
4.7,0,0,-5.27,0,0,adfa_ld,normal
22.77,0,0,0.6,0,0,adfa_ld,normal
30.82,0,0,14.33,0,0,adfa_ld,normal
39.99,0,0,1.26,0,0,adfa_ld,normal
12.54,0,0,-11.9,0,0,adfa_ld,normal
23.83,0,0,-0.59,0,0,adfa_ld,normal
19.78,2,0,13.9,5,4,adfa_ld,reverse_shell
9.56,0,0,1.67,0,0,adfa_ld,normal
4.7,0,0,-5.27,0,0,adfa_ld,normal
14.02,1,0,0.24,2,2,adfa_ld,lateral_movement
30.7,0,0,17.48,0,0,adfa_ld,normal
5.94,0,0,13.36,0,0,adfa_ld,normal
9.62,0,0,0.63,0,0,adfa_ld,normal
13.88,1,0,0.19,2,2,adfa_ld,lateral_movement
14.14,0,0,4.32,0,0,adfa_ld,normal
13.2,0,0,-0.34,0,0,adfa_ld,normal
53.85,0,0,0.52,0,0,adfa_ld,normal
3.63,0,0,3.35,0,0,adfa_ld,normal
21.42,0,0,-1.7,0,0,adfa_ld,normal
18.46,0,0,0.01,0,0,local_machine,normal
13.17,0,0,-9.64,0,0,adfa_ld,normal
9.56,0,0,1.67,0,0,adfa_ld,normal
4.7,0,0,-5.27,0,0,adfa_ld,normal
4.7,0,0,-5.27,0,0,adfa_ld,normal
16.97,0,0,1.92,0,0,adfa_ld,normal
13.12,0,0,-5.3,0,0,adfa_ld,normal
4.7,0,0,-5.27,0,0,adfa_ld,normal
6.08,2,0,2.13,4,3,adfa_ld,process_injection
9.01,0,0,3.57,0,0,adfa_ld,normal
4.7,0,0,-5.27,0,0,adfa_ld,normal
22.31,0,0,-13.59,0,0,adfa_ld,normal
24.98,0,0,24.19,0,0,adfa_ld,normal
19.73,0,0,0.1,0,0,adfa_ld,normal
34.47,0,0,0.67,0,0,adfa_ld,normal
9.99,0,0,3.63,0,0,adfa_ld,normal
17.25,0,0,4.87,0,0,adfa_ld,normal
4.7,0,0,-5.27,0,0,adfa_ld,normal
13.64,0,0,2.56,0,0,adfa_ld,normal
5.52,2,0,1.17,4,3,adfa_ld,process_injection
12.55,0,0,3.31,0,0,adfa_ld,normal
22.84,0,0,17.69,0,0,adfa_ld,normal
8.89,0,0,-0.18,0,0,adfa_ld,normal
37.52,0,0,0.22,0,0,adfa_ld,normal
10.31,0,0,1.64,0,0,adfa_ld,normal
4.7,0,0,-5.27,0,0,adfa_ld,normal
7.96,0,0,0.13,0,0,adfa_ld,normal
3.29,0,0,2.08,0,0,adfa_ld,normal
10.68,0,0,-2.58,0,0,adfa_ld,normal
11.04,2,0,2.39,5,4,adfa_ld,reverse_shell
23.57,0,0,27.77,0,0,adfa_ld,normal
20.0,0,0,0.01,0,0,local_machine,normal
10.84,0,0,0.63,0,0,adfa_ld,normal
84.18,0,0,7.52,0,0,adfa_ld,normal
4.7,0,0,-6.06,0,0,adfa_ld,normal
33.59,0,0,0.44,0,0,adfa_ld,normal
29.18,0,0,4.24,0,0,adfa_ld,normal
10.38,0,0,0.94,0,0,adfa_ld,normal
16.41,0,0,2.92,0,0,adfa_ld,normal
13.8,2,0,12.12,5,4,adfa_ld,reverse_shell
16.92,0,0,0.23,0,0,local_machine,normal
27.08,0,0,34.0,0,0,adfa_ld,normal
29.29,0,0,0.02,0,0,adfa_ld,normal
7.08,0,0,15.41,0,0,adfa_ld,normal
12.81,0,0,-1.95,0,0,adfa_ld,normal
4.7,0,0,-5.27,0,0,adfa_ld,normal
4.7,0,0,-5.27,0,0,adfa_ld,normal
7.92,0,0,-0.2,0,0,adfa_ld,normal
13.82,0,0,-13.79,0,0,adfa_ld,normal
11.73,2,0,0.67,4,3,adfa_ld,process_injection
4.7,0,0,-5.27,0,0,adfa_ld,normal
11.75,2,0,-0.77,4,3,adfa_ld,process_injection
11.21,0,0,0.85,0,0,adfa_ld,normal
4.7,0,0,-5.27,0,0,adfa_ld,normal
4.7,0,0,-5.27,0,0,adfa_ld,normal
16.43,0,0,-24.31,0,0,adfa_ld,normal
21.92,0,0,0.13,0,0,adfa_ld,normal
13.46,0,0,0.27,0,0,adfa_ld,normal
14.53,0,0,2.87,0,0,adfa_ld,normal
10.93,0,0,-0.44,0,0,adfa_ld,normal
23.69,0,0,5.4,0,0,adfa_ld,normal
9.71,0,0,-0.68,0,0,adfa_ld,normal
23.09,0,0,24.56,0,0,adfa_ld,normal
14.32,0,0,0.06,0,0,adfa_ld,normal
18.88,0,0,-6.92,0,0,adfa_ld,normal
7.47,0,0,-1.92,0,0,adfa_ld,normal
4.7,0,0,-5.27,0,0,adfa_ld,normal
21.2,2,0,-0.32,5,4,adfa_ld,reverse_shell
10.82,0,0,2.9,0,0,adfa_ld,normal
30.52,0,0,2.57,0,0,adfa_ld,normal
10.78,0,0,0.0,0,0,adfa_ld,normal
15.69,0,0,-26.07,0,0,adfa_ld,normal
4.7,0,0,-5.27,0,0,adfa_ld,normal
26.07,0,0,33.55,0,0,adfa_ld,normal
5.11,0,0,-3.52,0,0,adfa_ld,normal
23.08,0,0,-15.94,0,0,adfa_ld,normal
12.15,1,0,-1.26,2,2,adfa_ld,lateral_movement
24.07,0,0,-25.69,0,0,adfa_ld,normal
4.7,0,0,-5.27,0,0,adfa_ld,normal
9.71,0,0,-0.68,0,0,adfa_ld,normal
5.03,0,0,-2.46,0,0,adfa_ld,normal
4.7,0,0,-5.27,0,0,adfa_ld,normal
21.74,0,0,7.73,0,0,adfa_ld,normal
4.7,0,0,-5.27,0,0,adfa_ld,normal
4.7,0,0,-5.27,0,0,adfa_ld,normal
5.11,0,0,-3.52,0,0,adfa_ld,normal
12.99,2,0,14.65,5,4,adfa_ld,reverse_shell
13.54,0,0,2.01,0,0,adfa_ld,normal
13.66,2,0,0.13,4,3,adfa_ld,process_injection
33.31,0,0,30.87,0,0,adfa_ld,normal
4.7,0,0,-5.27,0,0,adfa_ld,normal
13.31,0,0,0.0,0,0,adfa_ld,normal
9.17,0,0,1.77,0,0,adfa_ld,normal
6.72,0,0,2.44,0,0,adfa_ld,normal
12.47,0,0,-0.67,0,0,adfa_ld,normal
4.7,0,0,-5.27,0,0,adfa_ld,normal
15.9,0,0,-3.73,0,0,adfa_ld,normal
5.47,0,0,9.88,0,0,adfa_ld,normal
16.51,1,0,15.19,1,1,adfa_ld,credential_access
11.69,0,0,1.06,0,0,adfa_ld,normal
8.13,0,0,-4.27,0,0,adfa_ld,normal
10.82,0,0,4.06,0,0,adfa_ld,normal
24.54,0,0,6.1,0,0,adfa_ld,normal
11.13,0,0,1.6,0,0,adfa_ld,normal
19.06,0,0,20.21,0,0,adfa_ld,normal
16.97,0,0,1.92,0,0,adfa_ld,normal
17.48,0,0,0.83,0,0,adfa_ld,normal
4.77,0,0,-0.71,0,0,adfa_ld,normal
18.46,0,0,0.25,0,0,local_machine,normal
13.98,1,0,4.25,2,2,adfa_ld,lateral_movement
13.05,0,0,-0.3,0,0,adfa_ld,normal
10.38,0,0,0.94,0,0,adfa_ld,normal
11.57,0,0,0.56,0,0,adfa_ld,normal
9.32,0,0,1.52,0,0,adfa_ld,normal
13.74,0,0,-15.09,0,0,adfa_ld,normal
4.7,0,0,-5.27,0,0,adfa_ld,normal
64.42,0,0,9.74,0,0,adfa_ld,normal
4.7,0,0,-5.27,0,0,adfa_ld,normal
12.09,0,0,-1.66,0,0,adfa_ld,normal
10.82,0,0,2.9,0,0,adfa_ld,normal
13.28,0,0,13.51,0,0,adfa_ld,normal
4.7,0,0,-5.27,0,0,adfa_ld,normal
11.35,0,0,-4.57,0,0,adfa_ld,normal
10.77,0,0,-5.03,0,0,adfa_ld,normal
4.38,0,0,-2.68,0,0,adfa_ld,normal
16.04,2,0,-0.07,4,3,adfa_ld,process_injection
30.04,0,0,39.32,0,0,adfa_ld,normal
10.99,0,0,-13.62,0,0,adfa_ld,normal
4.7,0,0,-5.27,0,0,adfa_ld,normal
4.78,0,0,-0.11,0,0,adfa_ld,normal
13.26,0,0,-0.07,0,0,adfa_ld,normal
16.52,0,0,-18.52,0,0,adfa_ld,normal
4.7,0,0,-5.27,0,0,adfa_ld,normal
8.45,0,0,-2.07,0,0,adfa_ld,normal
8.66,0,0,-10.98,0,0,adfa_ld,normal
17.33,0,0,12.77,0,0,adfa_ld,normal
14.62,0,0,0.37,0,0,local_machine,normal
43.25,0,0,0.33,0,0,adfa_ld,normal
14.34,2,0,-0.07,5,4,adfa_ld,reverse_shell
4.7,0,0,-5.27,0,0,adfa_ld,normal
39.83,0,0,3.47,0,0,adfa_ld,normal
5.79,0,0,1.03,0,0,adfa_ld,normal
27.08,0,0,34.0,0,0,adfa_ld,normal
4.7,0,0,-5.27,0,0,adfa_ld,normal
4.55,0,0,-14.26,0,0,adfa_ld,normal
64.26,0,0,-39.06,0,0,adfa_ld,normal
10.46,0,0,1.6,0,0,adfa_ld,normal
13.02,2,1,-0.21,3,3,adfa_ld,privilege_escalation
4.7,0,0,-5.27,0,0,adfa_ld,normal
4.7,0,0,-5.27,0,0,adfa_ld,normal
21.49,0,0,31.24,0,0,adfa_ld,normal
26.67,0,0,1.52,0,0,adfa_ld,normal
12.85,0,0,3.68,0,0,adfa_ld,normal
4.7,0,0,-5.27,0,0,adfa_ld,normal
9.86,0,0,-1.45,0,0,adfa_ld,normal
4.7,0,0,-5.27,0,0,adfa_ld,normal
10.07,2,0,1.9,4,3,adfa_ld,process_injection
29.11,0,0,1.7,0,0,adfa_ld,normal
23.77,0,0,-26.19,0,0,adfa_ld,normal
7.75,0,0,-0.21,0,0,adfa_ld,normal
4.7,0,0,-5.27,0,0,adfa_ld,normal
6.04,0,0,5.25,0,0,adfa_ld,normal
15.7,0,0,-2.59,0,0,adfa_ld,normal
9.0,1,0,-0.14,1,1,adfa_ld,credential_access
10.52,0,0,6.41,0,0,adfa_ld,normal
40.36,0,0,-3.16,0,0,adfa_ld,normal
15.9,0,0,-3.73,0,0,adfa_ld,normal
53.83,0,0,11.98,0,0,adfa_ld,normal
14.07,0,0,-0.0,0,0,adfa_ld,normal
4.7,0,0,-5.27,0,0,adfa_ld,normal
11.04,0,0,7.4,0,0,adfa_ld,normal
34.43,0,0,1.58,0,0,adfa_ld,normal
4.7,0,0,-5.27,0,0,adfa_ld,normal
11.96,0,0,-11.66,0,0,adfa_ld,normal
25.78,0,0,33.93,0,0,adfa_ld,normal
9.32,0,0,1.52,0,0,adfa_ld,normal
21.49,0,0,31.24,0,0,adfa_ld,normal
27.08,0,0,34.0,0,0,adfa_ld,normal
26.22,0,0,24.29,0,0,adfa_ld,normal
5.29,0,0,-8.25,0,0,adfa_ld,normal
21.63,2,0,0.08,5,4,adfa_ld,reverse_shell
19.51,2,0,9.62,4,3,adfa_ld,process_injection
8.89,0,0,-0.18,0,0,adfa_ld,normal
10.8,0,0,0.53,0,0,adfa_ld,normal
16.94,0,0,-0.36,0,0,adfa_ld,normal
4.7,0,0,-5.27,0,0,adfa_ld,normal
11.67,0,0,0.92,0,0,adfa_ld,normal
4.7,0,0,-5.27,0,0,adfa_ld,normal
22.05,0,0,1.13,0,0,adfa_ld,normal
9.56,0,0,1.67,0,0,adfa_ld,normal
15.02,0,0,0.8,0,0,adfa_ld,normal
13.85,0,0,4.75,0,0,adfa_ld,normal
4.7,0,0,-5.27,0,0,adfa_ld,normal
12.34,0,0,-0.47,0,0,adfa_ld,normal
27.08,0,0,34.06,0,0,adfa_ld,normal
15.94,0,0,-12.24,0,0,adfa_ld,normal
4.7,0,0,-5.27,0,0,adfa_ld,normal
21.78,0,0,-4.31,0,0,adfa_ld,normal
28.37,0,0,-19.89,0,0,adfa_ld,normal
15.17,0,0,-24.38,0,0,adfa_ld,normal
6.88,0,0,-1.71,0,0,adfa_ld,normal
9.48,1,0,2.54,1,1,adfa_ld,credential_access
25.92,0,0,27.18,0,0,adfa_ld,normal
4.7,0,0,-5.27,0,0,adfa_ld,normal
17.76,0,0,21.46,0,0,adfa_ld,normal
7.91,0,0,-10.69,0,0,adfa_ld,normal
16.12,0,0,9.09,0,0,adfa_ld,normal
13.52,0,0,-10.62,0,0,adfa_ld,normal
11.22,0,0,0.71,0,0,adfa_ld,normal
40.64,0,0,-4.11,0,0,adfa_ld,normal
17.76,0,0,23.09,0,0,adfa_ld,normal
8.37,0,0,5.38,0,0,adfa_ld,normal
7.75,0,0,-0.21,0,0,adfa_ld,normal
92.97,0,0,6.77,0,0,adfa_ld,normal
24.91,0,0,0.65,0,0,adfa_ld,normal
13.54,0,0,2.01,0,0,adfa_ld,normal
4.7,0,0,-5.27,0,0,adfa_ld,normal
2.78,0,0,4.61,0,0,adfa_ld,normal
12.93,1,0,-0.69,1,1,adfa_ld,credential_access
10.76,1,0,1.2,1,1,adfa_ld,credential_access
10.78,0,0,-1.69,0,0,adfa_ld,normal
16.26,0,0,0.41,0,0,adfa_ld,normal
15.35,0,0,0.01,0,0,adfa_ld,normal
15.35,2,0,-10.64,5,4,adfa_ld,reverse_shell
33.86,0,0,24.64,0,0,adfa_ld,normal
85.57,0,0,3.0,0,0,adfa_ld,normal
3.63,0,0,3.35,0,0,adfa_ld,normal
18.65,0,0,0.13,0,0,adfa_ld,normal
16.92,0,0,0.25,0,0,local_machine,normal
8.81,0,0,7.33,0,0,adfa_ld,normal
7.99,0,0,5.83,0,0,adfa_ld,normal
19.3,1,0,-0.01,1,1,adfa_ld,credential_access
14.14,0,0,1.5,0,0,adfa_ld,normal
12.99,0,0,0.04,0,0,adfa_ld,normal
80.41,0,0,15.34,0,0,adfa_ld,normal
12.61,0,0,-0.07,0,0,adfa_ld,normal
28.5,0,0,15.33,0,0,adfa_ld,normal
12.18,0,0,0.05,0,0,adfa_ld,normal
13.94,0,0,-10.61,0,0,adfa_ld,normal
4.7,0,0,-5.27,0,0,adfa_ld,normal
19.78,2,0,13.9,5,4,adfa_ld,reverse_shell
4.7,0,0,-5.27,0,0,adfa_ld,normal
9.17,0,0,5.63,0,0,adfa_ld,normal
13.92,0,0,-14.88,0,0,adfa_ld,normal
40.36,0,0,-3.16,0,0,adfa_ld,normal
17.25,2,1,0.06,3,3,adfa_ld,privilege_escalation
12.96,0,0,15.77,0,0,adfa_ld,normal
78.56,0,0,6.95,0,0,adfa_ld,normal
13.75,0,0,0.53,0,0,adfa_ld,normal
9.21,0,0,0.91,0,0,adfa_ld,normal
14.27,1,0,-0.06,2,2,adfa_ld,lateral_movement
22.02,1,0,-3.15,2,2,adfa_ld,lateral_movement
4.7,0,0,-5.27,0,0,adfa_ld,normal
7.06,0,0,-2.66,0,0,adfa_ld,normal
11.08,0,0,2.34,0,0,adfa_ld,normal
4.7,0,0,-5.27,0,0,adfa_ld,normal
4.7,0,0,-5.27,0,0,adfa_ld,normal
48.73,0,0,0.05,0,0,adfa_ld,normal
30.04,0,0,39.32,0,0,adfa_ld,normal
12.73,0,0,0.22,0,0,adfa_ld,normal
31.24,0,0,1.12,0,0,adfa_ld,normal
32.68,0,0,0.17,0,0,adfa_ld,normal
7.52,0,0,9.98,0,0,adfa_ld,normal
16.99,1,0,0.0,1,1,adfa_ld,credential_access
12.44,2,0,-0.14,4,3,adfa_ld,process_injection
28.91,0,0,-17.42,0,0,adfa_ld,normal
39.53,0,0,1.27,0,0,adfa_ld,normal
4.7,0,0,6.33,0,0,adfa_ld,normal
4.7,0,0,-5.27,0,0,adfa_ld,normal
10.14,0,0,0.4,0,0,adfa_ld,normal
40.57,0,0,13.2,0,0,adfa_ld,normal
52.27,0,0,-1.17,0,0,adfa_ld,normal
30.67,0,0,6.6,0,0,adfa_ld,normal
17.51,1,0,-0.2,2,2,adfa_ld,lateral_movement
4.7,0,0,-5.27,0,0,adfa_ld,normal
21.6,0,0,23.6,0,0,adfa_ld,normal
15.9,0,0,-3.73,0,0,adfa_ld,normal
8.04,0,0,-1.42,0,0,adfa_ld,normal
14.41,1,0,0.3,1,1,adfa_ld,credential_access
29.18,0,0,-14.81,0,0,adfa_ld,normal
8.63,0,0,-0.08,0,0,adfa_ld,normal
7.3,2,0,0.4,4,3,adfa_ld,process_injection
10.99,1,0,-0.25,1,1,adfa_ld,credential_access
15.9,0,0,-3.73,0,0,adfa_ld,normal
8.81,0,0,7.33,0,0,adfa_ld,normal
15.68,0,0,-0.27,0,0,adfa_ld,normal
49.68,0,0,-1.99,0,0,adfa_ld,normal
85.89,0,0,-12.93,0,0,adfa_ld,normal
10.88,0,0,3.38,0,0,adfa_ld,normal
6.95,0,0,-5.3,0,0,adfa_ld,normal
11.66,0,0,0.88,0,0,adfa_ld,normal
27.96,0,0,30.37,0,0,adfa_ld,normal
16.03,0,0,12.62,0,0,adfa_ld,normal
15.9,0,0,-3.73,0,0,adfa_ld,normal
13.8,0,0,-14.52,0,0,adfa_ld,normal
4.7,0,0,-5.27,0,0,adfa_ld,normal
11.85,0,0,-1.27,0,0,adfa_ld,normal
7.0,2,0,-1.13,4,3,adfa_ld,process_injection
18.24,0,0,11.95,0,0,adfa_ld,normal
4.7,0,0,-5.27,0,0,adfa_ld,normal
10.71,0,0,0.8,0,0,adfa_ld,normal
13.88,0,0,0.19,0,0,adfa_ld,normal
11.88,0,0,4.47,0,0,adfa_ld,normal
15.84,0,0,0.38,0,0,adfa_ld,normal
23.98,0,0,1.28,0,0,adfa_ld,normal
4.64,0,0,-5.34,0,0,adfa_ld,normal
54.01,0,0,0.29,0,0,adfa_ld,normal
14.4,0,0,-1.24,0,0,adfa_ld,normal
9.74,0,0,-6.64,0,0,adfa_ld,normal
7.47,0,0,-1.92,0,0,adfa_ld,normal
2.59,0,0,9.2,0,0,adfa_ld,normal
15.35,1,0,0.13,1,1,adfa_ld,credential_access
11.9,1,0,-2.93,1,1,adfa_ld,credential_access
11.4,0,0,2.64,0,0,adfa_ld,normal
13.71,2,0,-0.07,5,4,adfa_ld,reverse_shell
4.7,0,0,-5.27,0,0,adfa_ld,normal
4.7,0,0,-5.27,0,0,adfa_ld,normal
12.13,0,0,3.65,0,0,adfa_ld,normal
8.89,0,0,-0.18,0,0,adfa_ld,normal
4.7,0,0,-5.27,0,0,adfa_ld,normal
12.47,0,0,0.71,0,0,adfa_ld,normal
18.14,0,0,0.26,0,0,adfa_ld,normal
16.44,0,0,31.42,0,0,adfa_ld,normal
9.69,0,0,0.77,0,0,adfa_ld,normal
10.04,0,0,-1.99,0,0,adfa_ld,normal
26.13,0,0,21.84,0,0,adfa_ld,normal
22.7,0,0,1.69,0,0,adfa_ld,normal
13.79,0,0,-10.15,0,0,adfa_ld,normal
9.57,0,0,2.91,0,0,adfa_ld,normal
21.28,0,0,-8.3,0,0,adfa_ld,normal
15.55,2,0,-0.45,5,4,adfa_ld,reverse_shell
42.81,0,0,7.46,0,0,adfa_ld,normal
15.48,0,0,-4.12,0,0,adfa_ld,normal
11.65,0,0,0.9,0,0,adfa_ld,normal
4.7,0,0,-5.27,0,0,adfa_ld,normal
4.7,0,0,-5.27,0,0,adfa_ld,normal
18.39,0,0,18.42,0,0,adfa_ld,normal
21.5,2,1,0.57,3,3,adfa_ld,privilege_escalation
21.03,0,0,10.86,0,0,adfa_ld,normal
4.7,0,0,-5.27,0,0,adfa_ld,normal
26.05,0,0,0.55,0,0,adfa_ld,normal
4.7,0,0,-5.27,0,0,adfa_ld,normal
14.35,2,0,-0.13,5,4,adfa_ld,reverse_shell
11.83,2,1,-0.62,3,3,adfa_ld,privilege_escalation
4.7,0,0,-5.27,0,0,adfa_ld,normal
11.49,0,0,1.49,0,0,adfa_ld,normal
16.19,0,0,1.87,0,0,adfa_ld,normal
16.92,0,0,28.97,0,0,adfa_ld,normal
10.79,0,0,0.36,0,0,adfa_ld,normal
26.88,0,0,4.43,0,0,adfa_ld,normal
7.76,0,0,1.92,0,0,adfa_ld,normal
10.42,0,0,0.89,0,0,adfa_ld,normal
20.66,0,0,-12.23,0,0,adfa_ld,normal
10.18,1,0,5.58,2,2,adfa_ld,lateral_movement
4.83,0,0,-2.32,0,0,adfa_ld,normal
18.27,2,0,-1.01,5,4,adfa_ld,reverse_shell
15.92,1,0,3.08,2,2,adfa_ld,lateral_movement
5.01,0,0,3.33,0,0,adfa_ld,normal
4.7,0,0,-5.27,0,0,adfa_ld,normal
10.92,0,0,1.41,0,0,adfa_ld,normal
12.81,0,0,8.0,0,0,adfa_ld,normal
10.93,0,0,2.36,0,0,adfa_ld,normal
8.68,0,0,-3.9,0,0,adfa_ld,normal
4.7,0,0,-5.27,0,0,adfa_ld,normal
15.53,0,0,22.7,0,0,adfa_ld,normal
7.72,0,0,0.02,0,0,adfa_ld,normal
11.47,0,0,-0.48,0,0,adfa_ld,normal
9.9,0,0,0.82,0,0,adfa_ld,normal
28.37,0,0,-19.89,0,0,adfa_ld,normal
8.69,0,0,7.63,0,0,adfa_ld,normal
12.36,2,1,-0.2,3,3,adfa_ld,privilege_escalation
12.99,1,0,-0.07,1,1,adfa_ld,credential_access
7.12,2,0,-1.91,5,4,adfa_ld,reverse_shell
2.38,0,0,-1.5,0,0,adfa_ld,normal
13.51,1,0,-0.07,1,1,adfa_ld,credential_access
27.59,0,0,1.24,0,0,adfa_ld,normal
4.7,0,0,-5.27,0,0,adfa_ld,normal
84.78,0,0,-10.65,0,0,adfa_ld,normal
11.04,0,0,7.54,0,0,adfa_ld,normal
18.76,1,0,8.26,2,2,adfa_ld,lateral_movement
4.7,0,0,-5.27,0,0,adfa_ld,normal
12.37,0,0,-10.94,0,0,adfa_ld,normal
4.7,0,0,-5.27,0,0,adfa_ld,normal
12.08,0,0,-0.86,0,0,adfa_ld,normal
4.7,0,0,-5.27,0,0,adfa_ld,normal
20.35,1,0,-11.03,2,2,adfa_ld,lateral_movement
10.94,0,0,-17.46,0,0,adfa_ld,normal
7.02,0,0,-10.58,0,0,adfa_ld,normal
10.76,0,0,0.82,0,0,adfa_ld,normal
30.38,1,0,-12.57,2,2,adfa_ld,lateral_movement
4.81,0,0,-2.85,0,0,adfa_ld,normal
16.19,2,0,-0.14,5,4,adfa_ld,reverse_shell
4.7,0,0,-5.27,0,0,adfa_ld,normal
7.48,0,0,4.35,0,0,adfa_ld,normal
19.53,1,0,-3.08,2,2,adfa_ld,lateral_movement
85.64,0,0,2.94,0,0,adfa_ld,normal
4.7,0,0,-5.27,0,0,adfa_ld,normal
14.78,0,0,1.45,0,0,adfa_ld,normal
11.21,0,0,0.7,0,0,adfa_ld,normal
15.65,0,0,15.42,0,0,adfa_ld,normal
22.01,1,0,7.93,2,2,adfa_ld,lateral_movement
4.7,0,0,-5.27,0,0,adfa_ld,normal
4.7,0,0,-5.27,0,0,adfa_ld,normal
4.7,0,0,-5.27,0,0,adfa_ld,normal
4.7,0,0,-5.27,0,0,adfa_ld,normal
26.28,0,0,0.09,0,0,adfa_ld,normal
14.1,0,0,14.57,0,0,adfa_ld,normal
12.34,0,0,-0.35,0,0,adfa_ld,normal
4.7,0,0,-5.27,0,0,adfa_ld,normal
9.16,0,0,3.61,0,0,adfa_ld,normal
3.33,0,0,7.42,0,0,adfa_ld,normal
17.44,0,0,-7.63,0,0,adfa_ld,normal
6.87,0,0,2.38,0,0,adfa_ld,normal
9.41,1,0,-2.98,1,1,adfa_ld,credential_access
4.7,0,0,-5.27,0,0,adfa_ld,normal
4.7,0,0,-5.27,0,0,adfa_ld,normal
5.18,0,0,10.72,0,0,adfa_ld,normal
17.34,0,0,-1.48,0,0,adfa_ld,normal
5.79,0,0,-9.92,0,0,adfa_ld,normal
18.15,0,0,-12.16,0,0,adfa_ld,normal
16.61,0,0,5.79,0,0,adfa_ld,normal
17.43,0,0,-10.74,0,0,adfa_ld,normal
9.93,0,0,0.2,0,0,adfa_ld,normal
11.78,2,0,0.0,4,3,adfa_ld,process_injection
4.7,0,0,-5.27,0,0,adfa_ld,normal
67.94,0,0,1.4,0,0,adfa_ld,normal
20.54,1,0,-15.46,2,2,adfa_ld,lateral_movement
16.05,0,0,-3.38,0,0,adfa_ld,normal
17.98,0,0,-15.52,0,0,adfa_ld,normal
13.8,0,0,-14.52,0,0,adfa_ld,normal
32.85,0,0,23.94,0,0,adfa_ld,normal
24.17,0,0,32.15,0,0,adfa_ld,normal
9.45,0,0,1.54,0,0,adfa_ld,normal
10.72,0,0,0.6,0,0,adfa_ld,normal
22.78,0,0,0.86,0,0,adfa_ld,normal
4.7,0,0,-5.27,0,0,adfa_ld,normal
27.46,0,0,1.64,0,0,adfa_ld,normal
9.48,0,0,-0.95,0,0,adfa_ld,normal
15.38,2,1,-0.65,3,3,adfa_ld,privilege_escalation
13.96,0,0,0.07,0,0,adfa_ld,normal
8.27,0,0,7.51,0,0,adfa_ld,normal
11.86,2,0,0.07,5,4,adfa_ld,reverse_shell
10.31,0,0,4.57,0,0,adfa_ld,normal
4.7,0,0,-5.27,0,0,adfa_ld,normal
4.7,0,0,-5.27,0,0,adfa_ld,normal
4.7,0,0,-5.27,0,0,adfa_ld,normal
46.03,0,0,1.39,0,0,adfa_ld,normal
32.59,0,0,-13.76,0,0,adfa_ld,normal
11.96,0,0,-15.57,0,0,adfa_ld,normal
12.24,0,0,0.49,0,0,adfa_ld,normal
2.25,0,0,-2.3,0,0,adfa_ld,normal
2.51,0,0,5.9,0,0,adfa_ld,normal
8.21,0,0,1.06,0,0,adfa_ld,normal
14.54,0,0,3.81,0,0,adfa_ld,normal
24.34,1,0,4.97,2,2,adfa_ld,lateral_movement
10.8,0,0,1.57,0,0,adfa_ld,normal
12.37,0,0,0.95,0,0,adfa_ld,normal
10.1,0,0,5.19,0,0,adfa_ld,normal
72.56,0,0,21.78,0,0,adfa_ld,normal
8.48,0,0,2.46,0,0,adfa_ld,normal
17.95,0,0,22.28,0,0,adfa_ld,normal
5.72,0,0,-7.15,0,0,adfa_ld,normal
3.84,0,0,6.03,0,0,adfa_ld,normal
28.03,0,0,5.78,0,0,adfa_ld,normal
4.7,0,0,-5.27,0,0,adfa_ld,normal
13.48,0,0,0.04,0,0,adfa_ld,normal
11.99,0,0,-6.56,0,0,adfa_ld,normal
5.73,0,0,-0.78,0,0,adfa_ld,normal
9.64,0,0,-1.6,0,0,adfa_ld,normal
11.87,0,0,-0.54,0,0,adfa_ld,normal
17.79,0,0,1.8,0,0,adfa_ld,normal
4.7,0,0,-5.27,0,0,adfa_ld,normal
11.3,0,0,-16.22,0,0,adfa_ld,normal
12.97,0,0,0.0,0,0,adfa_ld,normal
4.7,0,0,-5.27,0,0,adfa_ld,normal
8.65,0,0,-2.39,0,0,adfa_ld,normal
9.32,0,0,1.52,0,0,adfa_ld,normal
4.7,0,0,-5.27,0,0,adfa_ld,normal
4.7,0,0,-5.27,0,0,adfa_ld,normal
11.16,0,0,1.62,0,0,adfa_ld,normal
10.04,0,0,-14.28,0,0,adfa_ld,normal
3.35,0,0,5.6,0,0,adfa_ld,normal
11.43,1,0,-0.07,1,1,adfa_ld,credential_access
25.19,0,0,-0.19,0,0,adfa_ld,normal
3.99,0,0,3.68,0,0,adfa_ld,normal
12.18,0,0,6.5,0,0,adfa_ld,normal
4.7,0,0,-5.27,0,0,adfa_ld,normal
26.59,0,0,48.91,0,0,adfa_ld,normal
4.7,0,0,-5.27,0,0,adfa_ld,normal
8.03,0,0,-9.42,0,0,adfa_ld,normal
4.7,0,0,-5.27,0,0,adfa_ld,normal
11.41,2,0,-1.38,5,4,adfa_ld,reverse_shell
16.05,0,0,-3.38,0,0,adfa_ld,normal
4.7,0,0,-5.27,0,0,adfa_ld,normal
9.9,0,0,2.01,0,0,adfa_ld,normal
18.12,0,0,-6.55,0,0,adfa_ld,normal
35.87,0,0,1.88,0,0,adfa_ld,normal
6.69,0,0,-0.61,0,0,adfa_ld,normal
12.04,1,0,-0.2,1,1,adfa_ld,credential_access
13.19,2,0,0.23,5,4,adfa_ld,reverse_shell
30.3,0,0,1.15,0,0,adfa_ld,normal
4.7,0,0,-5.27,0,0,adfa_ld,normal
7.72,0,0,-8.25,0,0,adfa_ld,normal
12.73,2,0,0.77,4,3,adfa_ld,process_injection
10.38,0,0,0.94,0,0,adfa_ld,normal
14.5,0,0,2.77,0,0,adfa_ld,normal
33.86,0,0,24.64,0,0,adfa_ld,normal
4.7,0,0,-5.27,0,0,adfa_ld,normal
4.7,0,0,-5.27,0,0,adfa_ld,normal
4.7,0,0,-5.27,0,0,adfa_ld,normal
4.21,0,0,0.12,0,0,adfa_ld,normal
33.81,0,0,7.82,0,0,adfa_ld,normal
8.01,0,0,7.39,0,0,adfa_ld,normal
4.69,0,0,0.94,0,0,adfa_ld,normal
11.71,1,0,14.4,1,1,adfa_ld,credential_access
22.34,0,0,-26.71,0,0,adfa_ld,normal
21.95,0,0,-5.3,0,0,adfa_ld,normal
15.0,0,0,-8.49,0,0,adfa_ld,normal
22.17,0,0,4.03,0,0,adfa_ld,normal
9.6,0,0,-2.56,0,0,adfa_ld,normal
20.02,0,0,10.27,0,0,adfa_ld,normal
27.37,0,0,31.16,0,0,adfa_ld,normal
8.53,0,0,2.23,0,0,adfa_ld,normal
3.63,0,0,3.35,0,0,adfa_ld,normal
16.05,0,0,-3.38,0,0,adfa_ld,normal
9.95,2,1,2.02,3,3,adfa_ld,privilege_escalation
4.7,0,0,-5.27,0,0,adfa_ld,normal
10.18,0,0,-1.73,0,0,adfa_ld,normal
6.17,0,0,10.77,0,0,adfa_ld,normal
11.43,0,0,1.63,0,0,adfa_ld,normal
30.04,0,0,39.32,0,0,adfa_ld,normal
9.2,0,0,1.73,0,0,adfa_ld,normal
32.85,0,0,23.94,0,0,adfa_ld,normal
4.7,0,0,-5.27,0,0,adfa_ld,normal
4.7,0,0,4.96,0,0,adfa_ld,normal
21.23,0,0,0.09,0,0,adfa_ld,normal
13.5,2,0,0.05,5,4,adfa_ld,reverse_shell
7.08,0,0,15.41,0,0,adfa_ld,normal
8.45,0,0,4.39,0,0,adfa_ld,normal
11.58,1,0,-0.07,2,2,adfa_ld,lateral_movement
9.97,0,0,12.95,0,0,adfa_ld,normal
3.55,0,0,8.87,0,0,adfa_ld,normal
21.49,0,0,1.77,0,0,adfa_ld,normal
34.53,0,0,0.21,0,0,adfa_ld,normal
20.0,0,0,0.26,0,0,local_machine,normal
12.81,1,0,0.07,1,1,adfa_ld,credential_access
11.95,0,0,-1.61,0,0,adfa_ld,normal
9.45,0,0,1.54,0,0,adfa_ld,normal
30.04,0,0,39.32,0,0,adfa_ld,normal
5.11,0,0,-3.52,0,0,adfa_ld,normal
4.7,0,0,-5.27,0,0,adfa_ld,normal
22.66,0,0,1.5,0,0,adfa_ld,normal
6.36,0,0,-1.41,0,0,adfa_ld,normal
10.0,0,0,0.18,0,0,local_machine,normal
21.36,0,0,-10.61,0,0,adfa_ld,normal
9.48,2,0,7.1,5,4,adfa_ld,reverse_shell
12.79,1,0,0.46,1,1,adfa_ld,credential_access
14.62,1,0,-0.06,2,2,adfa_ld,lateral_movement
26.73,0,0,4.41,0,0,adfa_ld,normal
9.7,0,0,0.46,0,0,adfa_ld,normal
17.44,0,0,0.29,0,0,adfa_ld,normal
13.82,0,0,-13.79,0,0,adfa_ld,normal
4.7,0,0,-5.27,0,0,adfa_ld,normal
23.69,0,0,5.4,0,0,adfa_ld,normal
4.7,0,0,-5.27,0,0,adfa_ld,normal
20.21,0,0,-8.23,0,0,adfa_ld,normal
7.38,0,0,-4.12,0,0,adfa_ld,normal
12.16,0,0,6.51,0,0,adfa_ld,normal
13.83,0,0,2.7,0,0,adfa_ld,normal
11.16,2,0,1.35,5,4,adfa_ld,reverse_shell
12.61,2,0,0.4,4,3,adfa_ld,process_injection
29.0,0,0,-23.29,0,0,adfa_ld,normal
15.09,0,0,-6.8,0,0,adfa_ld,normal
12.38,0,0,-5.67,0,0,adfa_ld,normal
9.71,0,0,-0.68,0,0,adfa_ld,normal
4.7,0,0,-5.27,0,0,adfa_ld,normal
4.7,0,0,-5.27,0,0,adfa_ld,normal
23.77,0,0,-26.19,0,0,adfa_ld,normal
4.7,0,0,-5.27,0,0,adfa_ld,normal
12.86,1,0,-0.01,1,1,adfa_ld,credential_access
5.1,0,0,1.95,0,0,adfa_ld,normal
53.08,0,0,-1.47,0,0,adfa_ld,normal
7.36,0,0,12.1,0,0,adfa_ld,normal
39.12,0,0,0.17,0,0,adfa_ld,normal
27.69,0,0,-1.03,0,0,adfa_ld,normal
28.62,0,0,0.07,0,0,adfa_ld,normal
10.0,0,0,6.7,0,0,local_machine,normal
8.26,1,0,1.77,1,1,adfa_ld,credential_access
9.36,0,0,10.17,0,0,adfa_ld,normal
27.33,0,0,24.71,0,0,adfa_ld,normal
19.26,0,0,-6.26,0,0,adfa_ld,normal
42.54,0,0,0.81,0,0,adfa_ld,normal
4.7,0,0,-5.27,0,0,adfa_ld,normal
29.68,0,0,0.19,0,0,adfa_ld,normal
29.4,0,0,2.58,0,0,adfa_ld,normal
20.01,0,0,-5.77,0,0,adfa_ld,normal
4.7,0,0,-5.27,0,0,adfa_ld,normal
5.46,0,0,1.26,0,0,adfa_ld,normal
15.35,2,0,-10.64,5,4,adfa_ld,reverse_shell
10.02,0,0,3.05,0,0,adfa_ld,normal
4.76,0,0,5.79,0,0,adfa_ld,normal
7.5,0,0,-4.03,0,0,adfa_ld,normal
52.06,0,0,0.05,0,0,adfa_ld,normal
24.49,0,0,25.77,0,0,adfa_ld,normal
4.7,0,0,-5.27,0,0,adfa_ld,normal
4.7,0,0,-5.27,0,0,adfa_ld,normal
18.7,0,0,7.22,0,0,adfa_ld,normal
4.7,0,0,-5.27,0,0,adfa_ld,normal
11.03,0,0,0.14,0,0,adfa_ld,normal
13.18,0,0,-0.34,0,0,adfa_ld,normal
9.11,0,0,-2.94,0,0,adfa_ld,normal
4.7,0,0,-5.27,0,0,adfa_ld,normal
8.34,0,0,-1.41,0,0,adfa_ld,normal
17.17,0,0,7.55,0,0,adfa_ld,normal
23.4,0,0,7.52,0,0,adfa_ld,normal
12.86,0,0,0.23,0,0,adfa_ld,normal
13.52,2,0,-0.2,4,3,adfa_ld,process_injection
24.21,1,0,-5.63,2,2,adfa_ld,lateral_movement
27.85,0,0,2.69,0,0,adfa_ld,normal
11.25,0,0,-1.68,0,0,adfa_ld,normal
6.24,0,0,0.87,0,0,adfa_ld,normal
8.22,0,0,-1.79,0,0,adfa_ld,normal
13.29,0,0,-2.24,0,0,adfa_ld,normal
15.9,0,0,-3.73,0,0,adfa_ld,normal
15.82,2,0,-0.01,4,3,adfa_ld,process_injection
8.67,0,0,2.03,0,0,adfa_ld,normal
4.7,0,0,-5.27,0,0,adfa_ld,normal
4.7,0,0,-5.27,0,0,adfa_ld,normal
13.82,0,0,-13.79,0,0,adfa_ld,normal
8.66,0,0,-0.95,0,0,adfa_ld,normal
10.62,0,0,0.26,0,0,adfa_ld,normal
10.69,0,0,1.55,0,0,adfa_ld,normal
6.23,0,0,-2.39,0,0,adfa_ld,normal
4.7,0,0,-5.27,0,0,adfa_ld,normal
12.88,2,0,0.54,5,4,adfa_ld,reverse_shell
4.7,0,0,-5.27,0,0,adfa_ld,normal
2.79,0,0,4.78,0,0,adfa_ld,normal
4.7,0,0,-5.27,0,0,adfa_ld,normal
27.08,0,0,34.0,0,0,adfa_ld,normal
4.7,0,0,-5.27,0,0,adfa_ld,normal
4.7,0,0,-5.27,0,0,adfa_ld,normal
14.29,0,0,0.26,0,0,adfa_ld,normal
27.08,0,0,-3.42,0,0,adfa_ld,normal
31.54,0,0,1.55,0,0,adfa_ld,normal
15.57,0,0,-18.1,0,0,adfa_ld,normal
8.76,0,0,8.99,0,0,adfa_ld,normal
33.26,0,0,-0.16,0,0,adfa_ld,normal
19.74,0,0,0.09,0,0,adfa_ld,normal
6.89,0,0,1.26,0,0,adfa_ld,normal
27.33,0,0,24.71,0,0,adfa_ld,normal
9.64,0,0,-3.65,0,0,adfa_ld,normal
4.7,0,0,-5.27,0,0,adfa_ld,normal
4.7,0,0,-5.27,0,0,adfa_ld,normal
7.64,0,0,-1.72,0,0,adfa_ld,normal
4.7,0,0,-5.27,0,0,adfa_ld,normal
11.96,2,1,-0.64,3,3,adfa_ld,privilege_escalation
4.62,0,0,0.19,0,0,local_machine,normal
19.97,0,0,-0.49,0,0,adfa_ld,normal
10.93,0,0,-0.44,0,0,adfa_ld,normal
5.09,0,0,0.58,0,0,adfa_ld,normal
16.92,0,0,0.32,0,0,adfa_ld,normal
5.94,0,0,0.85,0,0,adfa_ld,normal
9.9,0,0,-2.73,0,0,adfa_ld,normal
33.81,0,0,9.48,0,0,adfa_ld,normal
12.73,0,0,0.04,0,0,adfa_ld,normal
7.16,0,0,2.33,0,0,adfa_ld,normal
27.96,0,0,30.37,0,0,adfa_ld,normal
40.62,0,0,0.83,0,0,adfa_ld,normal
4.7,0,0,-5.27,0,0,adfa_ld,normal
24.07,0,0,-25.69,0,0,adfa_ld,normal
4.7,0,0,-5.27,0,0,adfa_ld,normal
14.14,0,0,3.09,0,0,adfa_ld,normal
21.64,0,0,3.91,0,0,adfa_ld,normal
6.64,0,0,-0.63,0,0,adfa_ld,normal
6.24,0,0,-1.43,0,0,adfa_ld,normal
22.61,0,0,4.1,0,0,adfa_ld,normal
8.25,0,0,3.03,0,0,adfa_ld,normal
6.21,0,0,-2.74,0,0,adfa_ld,normal
4.7,0,0,-5.27,0,0,adfa_ld,normal
28.75,0,0,0.62,0,0,adfa_ld,normal
15.73,0,0,0.35,0,0,adfa_ld,normal
28.37,0,0,-19.89,0,0,adfa_ld,normal
13.23,0,0,3.03,0,0,adfa_ld,normal
27.08,0,0,34.0,0,0,adfa_ld,normal
13.82,0,0,1.13,0,0,adfa_ld,normal
4.7,0,0,-5.27,0,0,adfa_ld,normal
4.7,0,0,-5.13,0,0,adfa_ld,normal
10.1,0,0,0.63,0,0,adfa_ld,normal
12.63,0,0,-1.31,0,0,adfa_ld,normal
4.7,0,0,6.46,0,0,adfa_ld,normal
4.7,0,0,-5.27,0,0,adfa_ld,normal
15.12,0,0,3.14,0,0,adfa_ld,normal
4.7,0,0,-5.27,0,0,adfa_ld,normal
12.76,0,0,6.38,0,0,adfa_ld,normal
44.66,0,0,0.02,0,0,adfa_ld,normal
26.22,0,0,24.29,0,0,adfa_ld,normal
4.7,0,0,-5.27,0,0,adfa_ld,normal
26.59,0,0,48.91,0,0,adfa_ld,normal
9.17,0,0,5.89,0,0,adfa_ld,normal
11.14,0,0,-0.18,0,0,adfa_ld,normal
4.7,0,0,-5.27,0,0,adfa_ld,normal
7.61,0,0,0.23,0,0,adfa_ld,normal
2.98,0,0,-9.33,0,0,adfa_ld,normal
6.19,0,0,-5.35,0,0,adfa_ld,normal
15.36,0,0,-0.15,0,0,adfa_ld,normal
4.7,0,0,-5.27,0,0,adfa_ld,normal
5.86,0,0,-1.51,0,0,adfa_ld,normal
12.69,2,1,-0.2,3,3,adfa_ld,privilege_escalation
4.7,0,0,-5.27,0,0,adfa_ld,normal
4.7,0,0,-5.27,0,0,adfa_ld,normal
5.38,0,0,0.21,0,0,local_machine,normal
13.99,0,0,3.41,0,0,adfa_ld,normal
4.7,0,0,-5.27,0,0,adfa_ld,normal
16.2,0,0,-0.41,0,0,adfa_ld,normal
3.89,0,0,-2.57,0,0,adfa_ld,normal
15.39,0,0,-19.87,0,0,adfa_ld,normal
4.7,0,0,-5.27,0,0,adfa_ld,normal
30.81,0,0,40.18,0,0,adfa_ld,normal
9.68,0,0,5.54,0,0,adfa_ld,normal
4.7,0,0,-5.27,0,0,adfa_ld,normal
13.64,0,0,-12.97,0,0,adfa_ld,normal
13.23,2,1,0.26,3,3,adfa_ld,privilege_escalation
14.04,2,0,-0.38,5,4,adfa_ld,reverse_shell
4.7,0,0,-5.27,0,0,adfa_ld,normal
12.81,2,1,0.67,3,3,adfa_ld,privilege_escalation
6.01,0,0,7.16,0,0,adfa_ld,normal
11.76,0,0,2.72,0,0,adfa_ld,normal
13.79,0,0,-10.15,0,0,adfa_ld,normal
12.22,0,0,3.68,0,0,adfa_ld,normal
42.19,0,0,-0.82,0,0,adfa_ld,normal
12.97,0,0,4.55,0,0,adfa_ld,normal
8.78,0,0,-3.16,0,0,adfa_ld,normal
27.82,0,0,4.3,0,0,adfa_ld,normal
4.7,0,0,-5.27,0,0,adfa_ld,normal
4.7,0,0,-5.27,0,0,adfa_ld,normal
12.52,0,0,-13.62,0,0,adfa_ld,normal
4.66,0,0,-2.1,0,0,adfa_ld,normal
7.32,0,0,5.85,0,0,adfa_ld,normal
4.7,0,0,-5.27,0,0,adfa_ld,normal
12.13,0,0,-2.89,0,0,adfa_ld,normal
100.0,0,0,0.26,0,0,adfa_ld,normal
5.74,0,0,-3.79,0,0,adfa_ld,normal
13.8,0,0,-17.13,0,0,adfa_ld,normal
43.53,0,0,2.56,0,0,adfa_ld,normal
11.36,2,1,3.05,3,3,adfa_ld,privilege_escalation
15.09,0,0,-6.8,0,0,adfa_ld,normal
23.39,0,0,3.4,0,0,adfa_ld,normal
4.7,0,0,-5.27,0,0,adfa_ld,normal
14.88,2,1,-0.32,3,3,adfa_ld,privilege_escalation
12.35,0,0,-2.83,0,0,adfa_ld,normal
50.38,0,0,-2.51,0,0,adfa_ld,normal
9.54,0,0,2.08,0,0,adfa_ld,normal
4.62,0,0,6.97,0,0,local_machine,normal
12.97,0,0,0.0,0,0,adfa_ld,normal
12.87,1,0,0.13,1,1,adfa_ld,credential_access
10.97,1,0,0.63,1,1,adfa_ld,credential_access
4.7,0,0,-5.27,0,0,adfa_ld,normal
33.5,0,0,-0.03,0,0,adfa_ld,normal
9.45,0,0,-3.91,0,0,adfa_ld,normal
13.82,0,0,-3.83,0,0,adfa_ld,normal
13.17,0,0,-5.8,0,0,adfa_ld,normal
27.96,0,0,30.37,0,0,adfa_ld,normal
4.7,0,0,-5.27,0,0,adfa_ld,normal
25.0,0,0,-0.05,0,0,adfa_ld,normal
11.76,0,0,2.74,0,0,adfa_ld,normal
4.7,0,0,-5.27,0,0,adfa_ld,normal
22.31,0,0,-13.59,0,0,adfa_ld,normal
14.07,0,0,1.84,0,0,adfa_ld,normal
13.81,0,0,-15.4,0,0,adfa_ld,normal
9.59,0,0,0.72,0,0,adfa_ld,normal
13.41,0,0,-0.13,0,0,adfa_ld,normal
16.37,1,0,0.07,1,1,adfa_ld,credential_access
25.78,0,0,33.93,0,0,adfa_ld,normal
16.09,2,0,0.0,5,4,adfa_ld,reverse_shell
18.24,0,0,-0.63,0,0,adfa_ld,normal
40.27,0,0,0.0,0,0,adfa_ld,normal
20.06,1,0,0.13,2,2,adfa_ld,lateral_movement
13.92,0,0,-14.88,0,0,adfa_ld,normal
8.13,0,0,-2.27,0,0,adfa_ld,normal
4.7,0,0,-5.27,0,0,adfa_ld,normal
10.98,0,0,-0.07,0,0,adfa_ld,normal
9.45,0,0,1.54,0,0,adfa_ld,normal
10.14,0,0,-8.96,0,0,adfa_ld,normal
13.67,0,0,6.28,0,0,adfa_ld,normal
8.29,2,0,2.35,5,4,adfa_ld,reverse_shell
12.99,2,0,-0.27,4,3,adfa_ld,process_injection
4.7,0,0,-5.27,0,0,adfa_ld,normal
11.0,0,0,-1.85,0,0,adfa_ld,normal
7.99,0,0,5.83,0,0,adfa_ld,normal
4.7,0,0,-5.27,0,0,adfa_ld,normal
21.49,0,0,31.24,0,0,adfa_ld,normal
6.06,2,0,-1.44,4,3,adfa_ld,process_injection
10.77,0,0,0.83,0,0,adfa_ld,normal
4.7,0,0,-5.27,0,0,adfa_ld,normal
7.74,0,0,0.94,0,0,adfa_ld,normal
15.12,0,0,1.13,0,0,adfa_ld,normal
14.18,0,0,-0.33,0,0,adfa_ld,normal
3.16,0,0,6.53,0,0,adfa_ld,normal
15.94,0,0,0.34,0,0,adfa_ld,normal
20.07,0,0,27.85,0,0,adfa_ld,normal
54.61,0,0,21.62,0,0,adfa_ld,normal
3.59,0,0,2.92,0,0,adfa_ld,normal
100.0,0,0,37.82,0,0,adfa_ld,normal
22.7,0,0,1.69,0,0,adfa_ld,normal
31.0,0,0,0.03,0,0,adfa_ld,normal
4.7,0,0,-5.27,0,0,adfa_ld,normal
3.25,0,0,2.12,0,0,adfa_ld,normal
3.14,0,0,6.68,0,0,adfa_ld,normal
13.69,0,0,-0.07,0,0,adfa_ld,normal
4.7,0,0,-5.27,0,0,adfa_ld,normal
15.9,0,0,-3.73,0,0,adfa_ld,normal
16.73,1,0,-0.13,2,2,adfa_ld,lateral_movement
12.19,2,0,0.0,5,4,adfa_ld,reverse_shell
31.83,0,0,17.08,0,0,adfa_ld,normal
8.11,0,0,5.53,0,0,adfa_ld,normal
4.7,0,0,-5.27,0,0,adfa_ld,normal
4.7,0,0,-5.27,0,0,adfa_ld,normal
9.16,0,0,1.94,0,0,adfa_ld,normal
27.33,0,0,29.79,0,0,adfa_ld,normal
7.27,0,0,-8.66,0,0,adfa_ld,normal
4.7,0,0,-5.27,0,0,adfa_ld,normal
21.03,0,0,10.86,0,0,adfa_ld,normal
7.72,0,0,0.64,0,0,adfa_ld,normal
9.64,0,0,-3.68,0,0,adfa_ld,normal
4.7,0,0,-5.27,0,0,adfa_ld,normal
9.86,0,0,-1.74,0,0,adfa_ld,normal
7.89,0,0,-0.02,0,0,adfa_ld,normal
15.92,0,0,5.73,0,0,adfa_ld,normal
32.73,1,0,0.27,2,2,adfa_ld,lateral_movement
9.23,0,0,7.24,0,0,local_machine,normal
14.93,0,0,0.0,0,0,adfa_ld,normal
22.09,0,0,5.12,0,0,adfa_ld,normal
7.08,0,0,16.22,0,0,adfa_ld,normal
23.39,0,0,1.79,0,0,adfa_ld,normal
7.2,0,0,-5.51,0,0,adfa_ld,normal
11.32,0,0,0.59,0,0,adfa_ld,normal
19.97,2,0,0.65,5,4,adfa_ld,reverse_shell
23.78,0,0,1.94,0,0,adfa_ld,normal
22.66,0,0,1.5,0,0,adfa_ld,normal
6.29,0,0,-8.29,0,0,adfa_ld,normal
7.95,0,0,-4.59,0,0,adfa_ld,normal
25.66,0,0,13.15,0,0,adfa_ld,normal
20.0,0,0,0.22,0,0,local_machine,normal
30.04,0,0,39.32,0,0,adfa_ld,normal
8.11,0,0,5.53,0,0,adfa_ld,normal
42.12,0,0,2.64,0,0,adfa_ld,normal
52.23,0,0,30.18,0,0,adfa_ld,normal
21.99,0,0,-1.62,0,0,adfa_ld,normal
10.89,0,0,-6.22,0,0,adfa_ld,normal
8.89,0,0,-0.18,0,0,adfa_ld,normal
7.37,0,0,4.39,0,0,adfa_ld,normal
11.17,0,0,0.42,0,0,adfa_ld,normal
14.28,0,0,-4.66,0,0,adfa_ld,normal
14.88,0,0,-0.71,0,0,adfa_ld,normal
3.49,0,0,4.11,0,0,adfa_ld,normal
6.03,0,0,3.36,0,0,adfa_ld,normal
7.22,0,0,-1.23,0,0,adfa_ld,normal
11.92,1,0,-0.2,2,2,adfa_ld,lateral_movement
4.7,0,0,-5.27,0,0,adfa_ld,normal
16.13,2,0,0.76,4,3,adfa_ld,process_injection
16.51,0,0,0.29,0,0,adfa_ld,normal
10.54,2,1,-1.1,3,3,adfa_ld,privilege_escalation
18.17,0,0,1.81,0,0,adfa_ld,normal
28.55,0,0,18.39,0,0,adfa_ld,normal
7.92,0,0,10.98,0,0,adfa_ld,normal
16.74,0,0,31.54,0,0,adfa_ld,normal
16.88,0,0,22.23,0,0,adfa_ld,normal
10.97,0,0,0.44,0,0,adfa_ld,normal
2.48,0,0,-9.35,0,0,adfa_ld,normal
21.39,0,0,-14.25,0,0,adfa_ld,normal
15.69,0,0,0.04,0,0,adfa_ld,normal
7.81,0,0,-5.05,0,0,adfa_ld,normal
20.0,0,0,0.16,0,0,local_machine,normal
27.22,0,0,2.75,0,0,adfa_ld,normal
4.7,0,0,-5.27,0,0,adfa_ld,normal
20.25,1,0,16.41,2,2,adfa_ld,lateral_movement
12.4,0,0,0.4,0,0,adfa_ld,normal
10.0,0,0,-0.66,0,0,adfa_ld,normal
49.3,0,0,1.11,0,0,adfa_ld,normal
27.15,0,0,-17.96,0,0,adfa_ld,normal
23.66,0,0,0.67,0,0,adfa_ld,normal
16.48,1,0,1.26,2,2,adfa_ld,lateral_movement
12.99,0,0,14.65,0,0,adfa_ld,normal
8.66,0,0,-0.95,0,0,adfa_ld,normal
6.66,0,0,0.73,0,0,adfa_ld,normal
3.92,0,0,2.88,0,0,adfa_ld,normal
19.91,1,0,-10.4,2,2,adfa_ld,lateral_movement
10.54,0,0,5.39,0,0,adfa_ld,normal
2.89,0,0,5.84,0,0,adfa_ld,normal
13.09,1,0,0.0,1,1,adfa_ld,credential_access
4.7,0,0,-5.27,0,0,adfa_ld,normal
15.09,0,0,-6.8,0,0,adfa_ld,normal
7.26,0,0,6.45,0,0,adfa_ld,normal
13.54,0,0,0.19,0,0,adfa_ld,normal
5.03,0,0,-3.8,0,0,adfa_ld,normal
4.7,0,0,6.33,0,0,adfa_ld,normal
6.64,0,0,0.4,0,0,adfa_ld,normal
10.99,0,0,-13.62,0,0,adfa_ld,normal
4.41,0,0,-5.83,0,0,adfa_ld,normal
12.82,0,0,-15.62,0,0,adfa_ld,normal
33.7,0,0,-12.81,0,0,adfa_ld,normal
4.7,0,0,-5.27,0,0,adfa_ld,normal
24.41,0,0,1.03,0,0,adfa_ld,normal
10.4,2,1,-1.72,3,3,adfa_ld,privilege_escalation
52.4,0,0,-12.05,0,0,adfa_ld,normal
8.53,0,0,-1.66,0,0,adfa_ld,normal
16.18,0,0,4.3,0,0,adfa_ld,normal
12.24,0,0,-15.85,0,0,adfa_ld,normal
10.61,0,0,2.46,0,0,adfa_ld,normal
8.99,0,0,-1.08,0,0,adfa_ld,normal
10.94,0,0,-1.98,0,0,adfa_ld,normal
4.7,0,0,-5.2,0,0,adfa_ld,normal
100.0,0,0,0.0,0,0,adfa_ld,normal
6.58,0,0,-10.44,0,0,adfa_ld,normal
30.04,0,0,39.32,0,0,adfa_ld,normal
4.7,0,0,-5.27,0,0,adfa_ld,normal
12.91,0,0,0.14,0,0,adfa_ld,normal
22.77,0,0,3.57,0,0,adfa_ld,normal
22.76,0,0,29.05,0,0,adfa_ld,normal
4.7,0,0,-5.27,0,0,adfa_ld,normal
22.73,0,0,1.69,0,0,adfa_ld,normal
8.28,0,0,-5.08,0,0,adfa_ld,normal
4.7,0,0,-5.27,0,0,adfa_ld,normal
11.27,0,0,12.75,0,0,adfa_ld,normal
11.26,0,0,0.63,0,0,adfa_ld,normal
4.7,0,0,-5.27,0,0,adfa_ld,normal
36.47,0,0,0.06,0,0,adfa_ld,normal
8.33,0,0,-12.88,0,0,adfa_ld,normal
4.7,0,0,-5.27,0,0,adfa_ld,normal
11.54,0,0,-2.67,0,0,adfa_ld,normal
11.35,0,0,-2.11,0,0,adfa_ld,normal
9.86,0,0,-1.45,0,0,adfa_ld,normal
11.07,0,0,1.95,0,0,adfa_ld,normal
4.7,0,0,-5.27,0,0,adfa_ld,normal
5.12,0,0,10.65,0,0,adfa_ld,normal
7.53,0,0,0.67,0,0,adfa_ld,normal
4.7,0,0,-5.27,0,0,adfa_ld,normal
15.57,0,0,-18.1,0,0,adfa_ld,normal
10.57,0,0,1.14,0,0,adfa_ld,normal
9.92,0,0,-1.6,0,0,adfa_ld,normal
13.06,0,0,-2.75,0,0,adfa_ld,normal
19.26,0,0,-6.26,0,0,adfa_ld,normal
37.31,0,0,16.71,0,0,adfa_ld,normal
11.16,0,0,-3.61,0,0,adfa_ld,normal
22.87,0,0,1.48,0,0,adfa_ld,normal
17.79,0,0,0.35,0,0,adfa_ld,normal
28.75,0,0,0.62,0,0,adfa_ld,normal
41.05,0,0,0.84,0,0,adfa_ld,normal
4.7,0,0,-5.27,0,0,adfa_ld,normal
7.79,0,0,-0.02,0,0,adfa_ld,normal
4.49,0,0,6.76,0,0,adfa_ld,normal
13.71,0,0,-18.36,0,0,adfa_ld,normal
4.7,0,0,-5.27,0,0,adfa_ld,normal
23.75,2,0,24.06,5,4,adfa_ld,reverse_shell
10.87,2,0,-1.61,5,4,adfa_ld,reverse_shell
79.15,0,0,28.05,0,0,adfa_ld,normal
13.2,2,0,-0.41,5,4,adfa_ld,reverse_shell
11.74,0,0,5.92,0,0,adfa_ld,normal
5.57,2,0,-1.05,5,4,adfa_ld,reverse_shell
4.7,0,0,-5.27,0,0,adfa_ld,normal
10.78,0,0,-0.2,0,0,adfa_ld,normal
13.22,0,0,1.73,0,0,adfa_ld,normal
5.32,0,0,-9.03,0,0,adfa_ld,normal
17.56,0,0,3.18,0,0,adfa_ld,normal
4.7,0,0,-5.27,0,0,adfa_ld,normal
13.33,0,0,3.07,0,0,adfa_ld,normal
9.32,0,0,-3.46,0,0,adfa_ld,normal
21.3,0,0,29.7,0,0,adfa_ld,normal
4.75,0,0,1.03,0,0,adfa_ld,normal
11.77,0,0,1.74,0,0,adfa_ld,normal
8.83,0,0,2.74,0,0,adfa_ld,normal
27.84,0,0,2.47,0,0,adfa_ld,normal
4.7,0,0,-5.27,0,0,adfa_ld,normal
27.96,0,0,30.37,0,0,adfa_ld,normal
16.92,0,0,0.29,0,0,local_machine,normal
11.36,0,0,4.12,0,0,adfa_ld,normal
20.02,0,0,10.27,0,0,adfa_ld,normal
4.7,0,0,-5.27,0,0,adfa_ld,normal
7.72,0,0,-2.93,0,0,adfa_ld,normal
73.89,0,0,-27.18,0,0,adfa_ld,normal
20.44,2,1,0.81,3,3,adfa_ld,privilege_escalation
4.7,0,0,-5.27,0,0,adfa_ld,normal
20.32,0,0,3.8,0,0,adfa_ld,normal
4.7,0,0,-5.27,0,0,adfa_ld,normal
8.97,0,0,-6.53,0,0,adfa_ld,normal
23.77,0,0,-26.19,0,0,adfa_ld,normal
4.83,0,0,-5.4,0,0,adfa_ld,normal
10.19,1,0,10.18,1,1,adfa_ld,credential_access
20.82,1,0,28.95,2,2,adfa_ld,lateral_movement
15.74,0,0,-3.33,0,0,adfa_ld,normal
4.7,0,0,-5.27,0,0,adfa_ld,normal
13.81,0,0,-2.5,0,0,adfa_ld,normal
11.05,0,0,-0.34,0,0,adfa_ld,normal
16.34,2,0,-0.02,4,3,adfa_ld,process_injection
23.24,0,0,3.42,0,0,adfa_ld,normal
14.32,0,0,-0.76,0,0,adfa_ld,normal
16.79,0,0,-0.01,0,0,adfa_ld,normal
4.7,0,0,-5.27,0,0,adfa_ld,normal
21.6,0,0,0.0,0,0,adfa_ld,normal
13.85,0,0,4.75,0,0,adfa_ld,normal
18.88,0,0,-19.96,0,0,adfa_ld,normal
25.0,0,0,0.08,0,0,adfa_ld,normal
20.15,0,0,-15.27,0,0,adfa_ld,normal
4.7,0,0,-5.27,0,0,adfa_ld,normal
12.15,0,0,2.36,0,0,adfa_ld,normal
4.7,0,0,-5.27,0,0,adfa_ld,normal
23.01,0,0,-4.87,0,0,adfa_ld,normal
16.17,0,0,-0.63,0,0,adfa_ld,normal
8.97,0,0,8.46,0,0,adfa_ld,normal
7.92,0,0,10.98,0,0,adfa_ld,normal
4.7,0,0,-5.27,0,0,adfa_ld,normal
7.92,0,0,10.98,0,0,adfa_ld,normal
4.7,0,0,-5.27,0,0,adfa_ld,normal
12.69,0,0,3.79,0,0,adfa_ld,normal
25.7,0,0,28.29,0,0,adfa_ld,normal
14.77,0,0,0.1,0,0,adfa_ld,normal
4.7,0,0,-5.27,0,0,adfa_ld,normal
15.9,0,0,-3.73,0,0,adfa_ld,normal
16.05,0,0,-3.38,0,0,adfa_ld,normal
15.76,0,0,0.61,0,0,adfa_ld,normal
15.77,1,0,14.36,2,2,adfa_ld,lateral_movement
11.77,2,1,0.8,3,3,adfa_ld,privilege_escalation
29.07,0,0,0.31,0,0,adfa_ld,normal
4.7,0,0,-5.27,0,0,adfa_ld,normal
4.7,0,0,-5.27,0,0,adfa_ld,normal
16.05,0,0,-3.38,0,0,adfa_ld,normal
12.19,1,0,-0.25,2,2,adfa_ld,lateral_movement
25.78,0,0,33.93,0,0,adfa_ld,normal
4.7,0,0,-5.27,0,0,adfa_ld,normal
22.31,0,0,-13.59,0,0,adfa_ld,normal
11.9,2,0,-0.89,5,4,adfa_ld,reverse_shell
10.6,0,0,0.0,0,0,adfa_ld,normal
4.7,0,0,-5.27,0,0,adfa_ld,normal
8.46,0,0,4.01,0,0,adfa_ld,normal
25.66,0,0,-10.63,0,0,adfa_ld,normal
14.31,0,0,-0.34,0,0,adfa_ld,normal
9.19,0,0,-2.3,0,0,adfa_ld,normal
4.7,0,0,5.57,0,0,adfa_ld,normal
7.78,0,0,2.38,0,0,adfa_ld,normal
51.81,0,0,0.0,0,0,adfa_ld,normal
8.86,0,0,-1.44,0,0,adfa_ld,normal
14.91,2,0,0.06,5,4,adfa_ld,reverse_shell
14.77,0,0,0.1,0,0,adfa_ld,normal
22.77,0,0,17.55,0,0,adfa_ld,normal
9.62,0,0,-12.81,0,0,adfa_ld,normal
11.56,0,0,1.45,0,0,adfa_ld,normal
16.39,0,0,0.13,0,0,adfa_ld,normal
6.65,2,0,-2.16,4,3,adfa_ld,process_injection
16.32,0,0,2.77,0,0,adfa_ld,normal
35.15,0,0,2.1,0,0,adfa_ld,normal
10.81,0,0,-2.18,0,0,adfa_ld,normal
6.91,2,0,0.61,4,3,adfa_ld,process_injection
9.2,0,0,-3.78,0,0,adfa_ld,normal
14.92,0,0,22.35,0,0,adfa_ld,normal
14.14,0,0,3.09,0,0,adfa_ld,normal
8.93,0,0,0.5,0,0,adfa_ld,normal
16.92,0,0,2.62,0,0,local_machine,normal
20.41,0,0,17.05,0,0,adfa_ld,normal
24.65,0,0,8.18,0,0,adfa_ld,normal
14.11,0,0,-0.09,0,0,adfa_ld,normal
18.47,0,0,3.09,0,0,adfa_ld,normal
21.08,1,0,-0.93,1,1,adfa_ld,credential_access
10.77,0,0,3.54,0,0,adfa_ld,normal
25.78,0,0,33.93,0,0,adfa_ld,normal
53.91,0,0,-3.1,0,0,adfa_ld,normal
12.89,0,0,3.26,0,0,adfa_ld,normal
12.11,0,0,-6.31,0,0,adfa_ld,normal
7.34,0,0,-4.61,0,0,adfa_ld,normal
25.29,1,0,0.27,2,2,adfa_ld,lateral_movement
21.41,2,0,0.27,5,4,adfa_ld,reverse_shell
4.11,0,0,0.38,0,0,adfa_ld,normal
10.21,0,0,-0.31,0,0,adfa_ld,normal
10.88,0,0,3.38,0,0,adfa_ld,normal
4.7,0,0,-5.27,0,0,adfa_ld,normal
12.68,2,0,-0.07,5,4,adfa_ld,reverse_shell
16.05,0,0,-3.38,0,0,adfa_ld,normal
18.5,2,0,-0.13,4,3,adfa_ld,process_injection
11.0,0,0,1.41,0,0,adfa_ld,normal
17.76,0,0,23.09,0,0,adfa_ld,normal
4.7,0,0,-5.27,0,0,adfa_ld,normal
31.5,0,0,0.06,0,0,adfa_ld,normal
4.7,0,0,-5.27,0,0,adfa_ld,normal
22.77,0,0,3.57,0,0,adfa_ld,normal
18.21,0,0,-0.35,0,0,adfa_ld,normal
41.41,0,0,0.6,0,0,adfa_ld,normal
6.86,0,0,-10.88,0,0,adfa_ld,normal
26.21,0,0,48.84,0,0,adfa_ld,normal
9.16,0,0,3.61,0,0,adfa_ld,normal
11.09,0,0,0.91,0,0,adfa_ld,normal
5.03,0,0,-2.46,0,0,adfa_ld,normal
19.26,0,0,-6.26,0,0,adfa_ld,normal
51.67,0,0,-2.26,0,0,adfa_ld,normal
4.7,0,0,-5.27,0,0,adfa_ld,normal
4.7,0,0,-5.27,0,0,adfa_ld,normal
12.66,0,0,3.79,0,0,adfa_ld,normal
7.88,0,0,3.03,0,0,adfa_ld,normal
65.0,0,0,-5.67,0,0,adfa_ld,normal
4.7,0,0,-5.27,0,0,adfa_ld,normal
12.98,0,0,0.13,0,0,adfa_ld,normal
4.7,0,0,-5.27,0,0,adfa_ld,normal
14.67,0,0,4.39,0,0,adfa_ld,normal
27.08,0,0,34.0,0,0,adfa_ld,normal
8.34,2,0,-0.59,5,4,adfa_ld,reverse_shell
23.53,0,0,-22.07,0,0,adfa_ld,normal
13.38,2,0,0.07,5,4,adfa_ld,reverse_shell
4.7,0,0,-5.27,0,0,adfa_ld,normal
2.07,0,0,2.08,0,0,adfa_ld,normal
9.16,0,0,3.61,0,0,adfa_ld,normal
5.66,0,0,-7.46,0,0,adfa_ld,normal
14.34,2,1,-0.07,3,3,adfa_ld,privilege_escalation
12.9,0,0,-2.26,0,0,adfa_ld,normal
3.63,0,0,3.35,0,0,adfa_ld,normal
4.55,0,0,3.74,0,0,adfa_ld,normal
4.7,0,0,-5.27,0,0,adfa_ld,normal
8.78,0,0,-3.06,0,0,adfa_ld,normal
9.4,0,0,-1.2,0,0,adfa_ld,normal
4.7,0,0,-5.27,0,0,adfa_ld,normal
4.7,0,0,-5.27,0,0,adfa_ld,normal
15.66,0,0,-0.74,0,0,adfa_ld,normal
14.63,0,0,0.04,0,0,adfa_ld,normal
9.85,0,0,2.01,0,0,adfa_ld,normal
4.7,0,0,-5.27,0,0,adfa_ld,normal
5.97,0,0,-3.63,0,0,adfa_ld,normal
15.99,0,0,-0.27,0,0,adfa_ld,normal
12.76,0,0,-0.34,0,0,adfa_ld,normal
16.39,0,0,0.13,0,0,adfa_ld,normal
29.08,0,0,-23.9,0,0,adfa_ld,normal
14.81,2,1,-0.2,3,3,adfa_ld,privilege_escalation
4.56,0,0,-5.07,0,0,adfa_ld,normal
18.88,0,0,-19.96,0,0,adfa_ld,normal
21.66,1,0,-5.7,2,2,adfa_ld,lateral_movement
4.7,0,0,-5.27,0,0,adfa_ld,normal
4.7,0,0,-5.27,0,0,adfa_ld,normal
12.18,0,0,0.04,0,0,adfa_ld,normal
15.9,0,0,-3.73,0,0,adfa_ld,normal
10.02,0,0,1.59,0,0,adfa_ld,normal
14.0,2,1,-0.53,3,3,adfa_ld,privilege_escalation
12.67,0,0,-0.09,0,0,adfa_ld,normal
21.0,0,0,4.67,0,0,adfa_ld,normal
11.99,0,0,-6.56,0,0,adfa_ld,normal
7.93,0,0,3.15,0,0,adfa_ld,normal
11.47,0,0,-19.58,0,0,adfa_ld,normal
7.17,0,0,-5.1,0,0,adfa_ld,normal
13.06,0,0,-2.75,0,0,adfa_ld,normal
34.74,0,0,1.97,0,0,adfa_ld,normal
6.22,0,0,-0.91,0,0,adfa_ld,normal
28.37,0,0,31.81,0,0,adfa_ld,normal
9.39,0,0,-8.23,0,0,adfa_ld,normal
11.26,1,0,-0.07,1,1,adfa_ld,credential_access
3.87,0,0,-0.95,0,0,adfa_ld,normal
14.96,0,0,3.65,0,0,adfa_ld,normal
20.37,0,0,1.64,0,0,adfa_ld,normal
15.57,0,0,0.2,0,0,adfa_ld,normal
4.7,0,0,-5.27,0,0,adfa_ld,normal
22.87,0,0,1.48,0,0,adfa_ld,normal
11.64,2,0,-2.1,5,4,adfa_ld,reverse_shell
4.7,0,0,-5.27,0,0,adfa_ld,normal
15.9,0,0,-3.73,0,0,adfa_ld,normal
12.1,1,0,-2.13,1,1,adfa_ld,credential_access
4.76,0,0,-0.4,0,0,adfa_ld,normal
6.0,0,0,4.54,0,0,adfa_ld,normal
29.44,0,0,5.52,0,0,adfa_ld,normal
4.57,0,0,1.89,0,0,adfa_ld,normal
16.88,0,0,22.23,0,0,adfa_ld,normal
18.35,0,0,-9.17,0,0,adfa_ld,normal
4.7,0,0,-5.27,0,0,adfa_ld,normal
13.23,0,0,-1.69,0,0,adfa_ld,normal
27.08,0,0,34.0,0,0,adfa_ld,normal
27.68,0,0,34.63,0,0,adfa_ld,normal
4.62,0,0,0.2,0,0,local_machine,normal
14.7,2,1,-0.66,3,3,adfa_ld,privilege_escalation
9.89,0,0,5.25,0,0,adfa_ld,normal
19.86,0,0,19.27,0,0,adfa_ld,normal
4.7,0,0,-5.27,0,0,adfa_ld,normal
11.62,0,0,-1.89,0,0,adfa_ld,normal
7.78,0,0,-0.02,0,0,adfa_ld,normal
13.85,0,0,0.34,0,0,adfa_ld,normal
18.48,0,0,2.19,0,0,adfa_ld,normal
12.97,1,0,-1.77,2,2,adfa_ld,lateral_movement
9.12,0,0,0.09,0,0,adfa_ld,normal
22.37,0,0,27.66,0,0,adfa_ld,normal
4.7,0,0,-5.27,0,0,adfa_ld,normal
4.7,0,0,-5.27,0,0,adfa_ld,normal
13.34,2,1,-0.01,3,3,adfa_ld,privilege_escalation
15.12,0,0,0.5,0,0,adfa_ld,normal
4.7,0,0,-5.27,0,0,adfa_ld,normal
11.86,0,0,1.43,0,0,adfa_ld,normal
10.38,0,0,0.94,0,0,adfa_ld,normal
14.45,0,0,0.57,0,0,adfa_ld,normal
4.7,0,0,-5.27,0,0,adfa_ld,normal
11.34,0,0,-13.96,0,0,adfa_ld,normal
11.42,1,0,1.91,1,1,adfa_ld,credential_access
28.37,0,0,-19.89,0,0,adfa_ld,normal
6.59,0,0,8.13,0,0,adfa_ld,normal
16.97,0,0,1.92,0,0,adfa_ld,normal
22.66,0,0,1.5,0,0,adfa_ld,normal
11.99,0,0,-6.56,0,0,adfa_ld,normal
11.25,2,1,0.2,3,3,adfa_ld,privilege_escalation
23.01,0,0,22.91,0,0,adfa_ld,normal
43.49,0,0,-0.59,0,0,adfa_ld,normal
8.47,0,0,-10.42,0,0,adfa_ld,normal
15.94,0,0,-5.24,0,0,adfa_ld,normal
15.9,0,0,-3.73,0,0,adfa_ld,normal
4.7,0,0,-5.27,0,0,adfa_ld,normal
8.03,0,0,-8.51,0,0,adfa_ld,normal
9.56,0,0,1.67,0,0,adfa_ld,normal
4.7,0,0,3.38,0,0,adfa_ld,normal
7.91,0,0,0.18,0,0,adfa_ld,normal
8.81,0,0,7.33,0,0,adfa_ld,normal
4.7,0,0,-5.27,0,0,adfa_ld,normal
27.08,0,0,34.0,0,0,adfa_ld,normal
37.56,0,0,0.28,0,0,adfa_ld,normal
9.4,0,0,6.99,0,0,adfa_ld,normal
10.86,0,0,0.63,0,0,adfa_ld,normal
4.7,0,0,-5.27,0,0,adfa_ld,normal
13.78,0,0,0.39,0,0,adfa_ld,normal
6.63,0,0,-6.22,0,0,adfa_ld,normal
7.3,0,0,-8.76,0,0,adfa_ld,normal
4.7,0,0,-6.55,0,0,adfa_ld,normal
25.78,0,0,33.93,0,0,adfa_ld,normal
16.34,1,0,0.2,2,2,adfa_ld,lateral_movement
4.7,0,0,-5.27,0,0,adfa_ld,normal
18.33,2,0,0.17,5,4,adfa_ld,reverse_shell
17.06,1,0,-3.42,2,2,adfa_ld,lateral_movement
10.56,0,0,0.11,0,0,adfa_ld,normal
4.7,0,0,-5.27,0,0,adfa_ld,normal
6.72,0,0,2.44,0,0,adfa_ld,normal
4.7,0,0,-5.27,0,0,adfa_ld,normal
4.7,0,0,4.96,0,0,adfa_ld,normal
17.9,0,0,0.44,0,0,adfa_ld,normal
13.46,0,0,-5.58,0,0,adfa_ld,normal
4.7,0,0,-5.27,0,0,adfa_ld,normal
8.68,0,0,0.58,0,0,adfa_ld,normal
4.7,0,0,-5.27,0,0,adfa_ld,normal
22.7,0,0,1.69,0,0,adfa_ld,normal
4.7,0,0,-5.27,0,0,adfa_ld,normal
12.85,0,0,-0.65,0,0,adfa_ld,normal
10.24,0,0,-3.89,0,0,adfa_ld,normal
40.03,0,0,3.67,0,0,adfa_ld,normal
30.04,0,0,39.32,0,0,adfa_ld,normal
23.22,1,0,-16.86,2,2,adfa_ld,lateral_movement
4.7,0,0,-5.27,0,0,adfa_ld,normal
16.05,0,0,-3.38,0,0,adfa_ld,normal
39.24,0,0,3.04,0,0,adfa_ld,normal
13.28,2,1,-0.4,3,3,adfa_ld,privilege_escalation
12.03,1,0,0.07,1,1,adfa_ld,credential_access
6.75,1,0,4.69,1,1,adfa_ld,credential_access
13.2,0,0,0.07,0,0,adfa_ld,normal
6.9,0,0,1.8,0,0,adfa_ld,normal
15.94,0,0,0.32,0,0,adfa_ld,normal
9.64,0,0,-1.6,0,0,adfa_ld,normal
10.97,0,0,-1.45,0,0,adfa_ld,normal
22.66,0,0,1.5,0,0,adfa_ld,normal
21.94,0,0,-10.44,0,0,adfa_ld,normal
4.62,0,0,0.19,0,0,local_machine,normal
11.3,0,0,-15.05,0,0,adfa_ld,normal
8.7,0,0,-2.05,0,0,adfa_ld,normal
9.85,0,0,-1.71,0,0,adfa_ld,normal
9.29,0,0,3.23,0,0,adfa_ld,normal
6.19,0,0,0.49,0,0,adfa_ld,normal
9.8,0,0,5.66,0,0,adfa_ld,normal
11.23,0,0,0.97,0,0,adfa_ld,normal
26.22,0,0,-15.94,0,0,adfa_ld,normal
61.34,0,0,-15.89,0,0,adfa_ld,normal
46.31,0,0,-0.24,0,0,adfa_ld,normal
21.03,0,0,10.86,0,0,adfa_ld,normal
7.08,0,0,16.22,0,0,adfa_ld,normal
11.96,1,0,1.11,1,1,adfa_ld,credential_access
4.7,0,0,-5.27,0,0,adfa_ld,normal
12.58,0,0,-0.13,0,0,adfa_ld,normal
25.18,0,0,-23.14,0,0,adfa_ld,normal
4.7,0,0,-5.27,0,0,adfa_ld,normal
28.9,0,0,-0.27,0,0,adfa_ld,normal
4.7,0,0,-5.27,0,0,adfa_ld,normal
14.08,0,0,-1.5,0,0,adfa_ld,normal
100.0,0,0,0.82,0,0,adfa_ld,normal
4.7,0,0,-5.27,0,0,adfa_ld,normal
10.18,0,0,4.68,0,0,adfa_ld,normal
14.05,0,0,11.28,0,0,adfa_ld,normal
14.83,0,0,0.0,0,0,adfa_ld,normal
5.97,0,0,-5.92,0,0,adfa_ld,normal
4.7,0,0,-5.27,0,0,adfa_ld,normal
12.06,1,0,0.88,2,2,adfa_ld,lateral_movement
10.1,0,0,0.63,0,0,adfa_ld,normal
19.62,0,0,-17.97,0,0,adfa_ld,normal
3.27,0,0,-9.18,0,0,adfa_ld,normal
15.69,0,0,-4.13,0,0,adfa_ld,normal
17.91,2,0,0.13,4,3,adfa_ld,process_injection
13.79,0,0,-10.15,0,0,adfa_ld,normal
4.7,0,0,-5.27,0,0,adfa_ld,normal
16.78,0,0,2.86,0,0,adfa_ld,normal
12.83,0,0,-2.57,0,0,adfa_ld,normal
14.0,0,0,1.58,0,0,adfa_ld,normal
9.22,0,0,-5.39,0,0,adfa_ld,normal
12.52,0,0,-13.62,0,0,adfa_ld,normal
12.21,0,0,0.4,0,0,adfa_ld,normal
4.7,0,0,-5.27,0,0,adfa_ld,normal
6.64,0,0,0.35,0,0,adfa_ld,normal
15.7,2,1,0.54,3,3,adfa_ld,privilege_escalation
25.78,0,0,33.93,0,0,adfa_ld,normal
29.44,0,0,5.52,0,0,adfa_ld,normal
27.75,0,0,0.06,0,0,adfa_ld,normal
4.7,0,0,-5.27,0,0,adfa_ld,normal
12.79,0,0,-0.21,0,0,adfa_ld,normal
9.74,0,0,-6.64,0,0,adfa_ld,normal
7.95,0,0,0.18,0,0,adfa_ld,normal
13.09,0,0,0.58,0,0,adfa_ld,normal
15.17,0,0,0.01,0,0,adfa_ld,normal
25.34,0,0,-25.2,0,0,adfa_ld,normal
9.78,0,0,4.07,0,0,adfa_ld,normal
4.7,0,0,-5.27,0,0,adfa_ld,normal
14.29,0,0,0.26,0,0,adfa_ld,normal
27.68,0,0,34.63,0,0,adfa_ld,normal
12.31,0,0,-0.21,0,0,adfa_ld,normal
29.86,0,0,-0.71,0,0,adfa_ld,normal
23.62,0,0,-0.83,0,0,adfa_ld,normal
11.61,0,0,0.27,0,0,adfa_ld,normal
25.78,0,0,33.93,0,0,adfa_ld,normal
10.1,0,0,0.63,0,0,adfa_ld,normal
25.78,0,0,33.93,0,0,adfa_ld,normal
16.03,0,0,12.62,0,0,adfa_ld,normal
6.24,0,0,5.08,0,0,adfa_ld,normal
25.08,0,0,25.62,0,0,adfa_ld,normal
10.5,0,0,15.43,0,0,adfa_ld,normal
4.7,0,0,-5.27,0,0,adfa_ld,normal
12.18,0,0,6.5,0,0,adfa_ld,normal
24.94,0,0,23.24,0,0,adfa_ld,normal
9.32,0,0,1.52,0,0,adfa_ld,normal
9.94,2,0,-1.98,4,3,adfa_ld,process_injection
4.7,0,0,-5.27,0,0,adfa_ld,normal
22.97,0,0,0.72,0,0,adfa_ld,normal
53.52,0,0,3.43,0,0,adfa_ld,normal
11.87,0,0,-0.25,0,0,adfa_ld,normal
53.88,0,0,-0.87,0,0,adfa_ld,normal
16.97,0,0,1.92,0,0,adfa_ld,normal
22.31,0,0,-13.59,0,0,adfa_ld,normal
4.7,0,0,-5.27,0,0,adfa_ld,normal
12.73,0,0,-3.36,0,0,adfa_ld,normal
4.7,0,0,-5.27,0,0,adfa_ld,normal
16.97,0,0,-3.13,0,0,adfa_ld,normal
23.59,0,0,28.65,0,0,adfa_ld,normal
28.5,0,0,1.72,0,0,adfa_ld,normal
11.65,0,0,-7.61,0,0,adfa_ld,normal
8.86,0,0,-0.83,0,0,adfa_ld,normal
11.29,0,0,0.71,0,0,adfa_ld,normal
27.08,0,0,34.0,0,0,adfa_ld,normal
6.2,0,0,-2.56,0,0,adfa_ld,normal
11.67,0,0,-0.54,0,0,adfa_ld,normal
34.49,0,0,7.11,0,0,adfa_ld,normal
9.58,1,0,-0.28,2,2,adfa_ld,lateral_movement
32.04,0,0,1.39,0,0,adfa_ld,normal
4.7,0,0,-5.27,0,0,adfa_ld,normal
18.82,0,0,6.13,0,0,adfa_ld,normal
21.78,0,0,-4.31,0,0,adfa_ld,normal
10.53,2,0,0.82,4,3,adfa_ld,process_injection
32.43,0,0,21.77,0,0,adfa_ld,normal
25.89,0,0,27.79,0,0,adfa_ld,normal
20.95,1,0,16.14,1,1,adfa_ld,credential_access
25.78,0,0,33.93,0,0,adfa_ld,normal
7.74,0,0,0.94,0,0,adfa_ld,normal
3.78,0,0,1.69,0,0,adfa_ld,normal
12.08,2,1,-0.07,3,3,adfa_ld,privilege_escalation
16.1,0,0,-0.13,0,0,adfa_ld,normal
28.14,0,0,-6.08,0,0,adfa_ld,normal
27.09,2,0,0.22,5,4,adfa_ld,reverse_shell
6.13,0,0,-3.52,0,0,adfa_ld,normal
28.35,0,0,11.05,0,0,adfa_ld,normal
4.7,0,0,-5.27,0,0,adfa_ld,normal
13.8,0,0,5.54,0,0,adfa_ld,normal
20.37,2,0,18.15,5,4,adfa_ld,reverse_shell
28.62,0,0,0.06,0,0,adfa_ld,normal
8.0,0,0,6.13,0,0,adfa_ld,normal
6.19,2,0,-2.35,4,3,adfa_ld,process_injection
11.47,0,0,-16.01,0,0,adfa_ld,normal
18.03,0,0,-0.13,0,0,adfa_ld,normal
9.9,0,0,4.1,0,0,adfa_ld,normal
12.55,1,0,-1.47,2,2,adfa_ld,lateral_movement
8.66,1,0,-9.6,1,1,adfa_ld,credential_access
27.46,0,0,-0.35,0,0,adfa_ld,normal
4.58,0,0,-4.96,0,0,adfa_ld,normal
8.4,0,0,-5.5,0,0,adfa_ld,normal
4.7,0,0,-7.21,0,0,adfa_ld,normal
13.03,0,0,-2.76,0,0,adfa_ld,normal
10.29,2,0,-2.28,5,4,adfa_ld,reverse_shell
21.85,0,0,4.69,0,0,adfa_ld,normal
9.64,0,0,-3.68,0,0,adfa_ld,normal
10.1,0,0,0.63,0,0,adfa_ld,normal
7.91,0,0,-4.34,0,0,adfa_ld,normal
16.25,0,0,-2.66,0,0,adfa_ld,normal
14.53,2,0,0.21,4,3,adfa_ld,process_injection
27.08,0,0,34.0,0,0,adfa_ld,normal
50.89,0,0,-3.27,0,0,adfa_ld,normal
4.7,0,0,-5.27,0,0,adfa_ld,normal
41.4,0,0,1.18,0,0,adfa_ld,normal
4.7,0,0,-5.27,0,0,adfa_ld,normal
4.7,0,0,-5.27,0,0,adfa_ld,normal
25.36,2,0,0.2,5,4,adfa_ld,reverse_shell
15.9,0,0,-7.62,0,0,adfa_ld,normal
17.12,0,0,-3.02,0,0,adfa_ld,normal
79.15,0,0,28.05,0,0,adfa_ld,normal
11.49,1,0,0.07,1,1,adfa_ld,credential_access
4.7,0,0,-5.27,0,0,adfa_ld,normal
7.88,2,0,0.2,5,4,adfa_ld,reverse_shell
14.55,2,0,0.13,5,4,adfa_ld,reverse_shell
26.18,0,0,6.33,0,0,adfa_ld,normal
7.83,0,0,4.65,0,0,adfa_ld,normal
7.99,0,0,5.83,0,0,adfa_ld,normal
15.93,1,0,4.13,2,2,adfa_ld,lateral_movement
22.87,0,0,1.48,0,0,adfa_ld,normal
11.45,0,0,0.0,0,0,adfa_ld,normal
9.72,1,0,-6.44,2,2,adfa_ld,lateral_movement
22.66,0,0,-0.65,0,0,adfa_ld,normal
30.04,0,0,39.32,0,0,adfa_ld,normal
2.79,0,0,4.44,0,0,adfa_ld,normal
14.14,0,0,3.09,0,0,adfa_ld,normal
12.52,0,0,-13.62,0,0,adfa_ld,normal
13.43,0,0,0.0,0,0,adfa_ld,normal
13.81,0,0,0.32,0,0,adfa_ld,normal
4.7,0,0,-5.27,0,0,adfa_ld,normal
16.0,0,0,-8.77,0,0,adfa_ld,normal
8.89,0,0,-0.18,0,0,adfa_ld,normal
11.11,0,0,0.05,0,0,adfa_ld,normal
23.33,0,0,2.72,0,0,adfa_ld,normal
4.7,0,0,-5.27,0,0,adfa_ld,normal
10.07,0,0,1.37,0,0,adfa_ld,normal
4.7,0,0,-5.27,0,0,adfa_ld,normal
24.87,0,0,0.88,0,0,adfa_ld,normal
11.66,1,0,1.6,1,1,adfa_ld,credential_access
4.7,0,0,-5.27,0,0,adfa_ld,normal
27.08,0,0,34.0,0,0,adfa_ld,normal
8.2,0,0,-0.27,0,0,adfa_ld,normal
11.71,0,0,-11.49,0,0,adfa_ld,normal
5.26,0,0,1.85,0,0,adfa_ld,normal
11.04,0,0,7.54,0,0,adfa_ld,normal
46.16,0,0,0.91,0,0,adfa_ld,normal
4.7,0,0,-5.27,0,0,adfa_ld,normal
4.7,0,0,-5.27,0,0,adfa_ld,normal
26.39,2,0,5.93,5,4,adfa_ld,reverse_shell
4.7,0,0,-5.27,0,0,adfa_ld,normal
4.7,0,0,-5.27,0,0,adfa_ld,normal
27.96,0,0,30.37,0,0,adfa_ld,normal
12.15,0,0,-18.07,0,0,adfa_ld,normal
7.55,0,0,-3.88,0,0,adfa_ld,normal
4.7,0,0,-5.27,0,0,adfa_ld,normal
13.67,0,0,0.72,0,0,adfa_ld,normal
4.7,0,0,-5.27,0,0,adfa_ld,normal
10.71,0,0,-0.07,0,0,adfa_ld,normal
23.69,0,0,-0.4,0,0,adfa_ld,normal
11.42,0,0,-10.11,0,0,adfa_ld,normal
25.08,0,0,25.62,0,0,adfa_ld,normal
10.97,0,0,0.0,0,0,adfa_ld,normal
2.72,0,0,2.91,0,0,adfa_ld,normal
4.7,0,0,-5.27,0,0,adfa_ld,normal
34.53,1,0,0.07,2,2,adfa_ld,lateral_movement
18.6,0,0,3.07,0,0,adfa_ld,normal
11.69,0,0,1.06,0,0,adfa_ld,normal
13.79,0,0,-0.86,0,0,adfa_ld,normal
8.56,0,0,-13.31,0,0,adfa_ld,normal
12.56,2,0,-0.01,4,3,adfa_ld,process_injection
10.77,0,0,3.09,0,0,adfa_ld,normal
4.7,0,0,-5.27,0,0,adfa_ld,normal
23.37,1,0,0.02,2,2,adfa_ld,lateral_movement
10.1,0,0,0.63,0,0,adfa_ld,normal
11.35,0,0,3.16,0,0,adfa_ld,normal
8.32,1,0,-2.51,1,1,adfa_ld,credential_access
15.54,0,0,3.3,0,0,adfa_ld,normal
8.72,0,0,3.19,0,0,adfa_ld,normal
27.08,0,0,34.0,0,0,adfa_ld,normal
4.7,0,0,-5.27,0,0,adfa_ld,normal
4.7,0,0,-5.27,0,0,adfa_ld,normal
7.3,0,0,-4.59,0,0,adfa_ld,normal
14.06,2,0,0.27,4,3,adfa_ld,process_injection
54.64,0,0,0.0,0,0,adfa_ld,normal
4.7,0,0,-5.27,0,0,adfa_ld,normal
27.46,0,0,-0.35,0,0,adfa_ld,normal
9.89,0,0,5.25,0,0,adfa_ld,normal
12.49,0,0,0.0,0,0,adfa_ld,normal
4.7,0,0,-5.27,0,0,adfa_ld,normal
13.71,0,0,4.94,0,0,adfa_ld,normal
11.27,0,0,3.43,0,0,adfa_ld,normal
20.42,0,0,-22.49,0,0,adfa_ld,normal
6.52,0,0,-6.52,0,0,adfa_ld,normal
12.97,2,0,-0.75,4,3,adfa_ld,process_injection
4.7,0,0,-5.27,0,0,adfa_ld,normal
18.36,0,0,0.13,0,0,adfa_ld,normal
28.37,0,0,-19.89,0,0,adfa_ld,normal
4.7,0,0,-5.27,0,0,adfa_ld,normal
22.34,0,0,-26.71,0,0,adfa_ld,normal
13.94,2,0,12.66,4,3,adfa_ld,process_injection
10.93,0,0,-0.44,0,0,adfa_ld,normal
4.7,0,0,-5.27,0,0,adfa_ld,normal
4.7,0,0,-5.27,0,0,adfa_ld,normal
14.38,1,0,0.34,1,1,adfa_ld,credential_access
7.15,0,0,2.52,0,0,adfa_ld,normal
17.45,0,0,0.35,0,0,adfa_ld,normal
4.7,0,0,-5.27,0,0,adfa_ld,normal
4.7,0,0,-5.27,0,0,adfa_ld,normal
4.7,0,0,-5.27,0,0,adfa_ld,normal
22.77,0,0,3.57,0,0,adfa_ld,normal
4.7,0,0,-5.27,0,0,adfa_ld,normal
22.7,0,0,1.69,0,0,adfa_ld,normal
4.7,0,0,-5.27,0,0,adfa_ld,normal
13.47,0,0,2.32,0,0,adfa_ld,normal
13.08,1,0,-0.13,2,2,adfa_ld,lateral_movement
11.49,0,0,-0.92,0,0,adfa_ld,normal
13.19,1,0,0.07,1,1,adfa_ld,credential_access
43.76,0,0,0.66,0,0,adfa_ld,normal
2.68,0,0,8.78,0,0,adfa_ld,normal
6.72,0,0,2.44,0,0,adfa_ld,normal
9.06,0,0,-7.36,0,0,adfa_ld,normal
23.59,0,0,28.65,0,0,adfa_ld,normal
4.7,0,0,-5.27,0,0,adfa_ld,normal
4.7,0,0,-5.27,0,0,adfa_ld,normal
4.7,0,0,-5.27,0,0,adfa_ld,normal
4.7,0,0,-5.27,0,0,adfa_ld,normal
100.0,0,0,1.82,0,0,adfa_ld,normal
10.6,0,0,0.0,0,0,adfa_ld,normal
7.28,0,0,-10.1,0,0,adfa_ld,normal
1.95,0,0,1.84,0,0,adfa_ld,normal
6.68,0,0,-3.6,0,0,adfa_ld,normal
4.7,0,0,-5.27,0,0,adfa_ld,normal
21.95,2,0,-0.03,5,4,adfa_ld,reverse_shell
14.05,1,0,1.21,2,2,adfa_ld,lateral_movement
21.74,0,0,-5.59,0,0,adfa_ld,normal
27.96,0,0,30.37,0,0,adfa_ld,normal
4.7,0,0,-5.27,0,0,adfa_ld,normal
11.64,2,1,0.62,3,3,adfa_ld,privilege_escalation
4.7,0,0,-5.27,0,0,adfa_ld,normal
29.35,0,0,-0.32,0,0,adfa_ld,normal
7.43,0,0,-3.09,0,0,adfa_ld,normal
29.27,0,0,1.16,0,0,adfa_ld,normal
4.7,0,0,-5.27,0,0,adfa_ld,normal
9.56,0,0,1.67,0,0,adfa_ld,normal
9.85,0,0,3.17,0,0,adfa_ld,normal
4.7,0,0,-5.27,0,0,adfa_ld,normal
15.9,0,0,-3.73,0,0,adfa_ld,normal
8.89,0,0,-0.18,0,0,adfa_ld,normal
4.7,0,0,-5.27,0,0,adfa_ld,normal
25.78,0,0,33.93,0,0,adfa_ld,normal
12.5,0,0,5.78,0,0,adfa_ld,normal
18.46,0,0,0.02,0,0,local_machine,normal
4.7,0,0,-5.27,0,0,adfa_ld,normal
12.93,0,0,-8.0,0,0,adfa_ld,normal
15.9,0,0,-3.73,0,0,adfa_ld,normal
13.07,0,0,4.37,0,0,adfa_ld,normal
13.13,0,0,0.74,0,0,adfa_ld,normal
20.3,0,0,0.45,0,0,adfa_ld,normal
9.28,2,0,-5.02,5,4,adfa_ld,reverse_shell
59.79,0,0,-4.49,0,0,adfa_ld,normal
29.3,0,0,0.55,0,0,adfa_ld,normal
11.32,0,0,0.59,0,0,adfa_ld,normal
4.7,0,0,-5.27,0,0,adfa_ld,normal
24.61,0,0,0.01,0,0,adfa_ld,normal
13.83,0,0,12.23,0,0,adfa_ld,normal
4.7,0,0,-5.27,0,0,adfa_ld,normal
13.6,1,0,14.76,1,1,adfa_ld,credential_access
4.7,0,0,-5.27,0,0,adfa_ld,normal
9.63,0,0,-3.8,0,0,adfa_ld,normal
21.75,0,0,-7.46,0,0,adfa_ld,normal
6.01,0,0,-0.11,0,0,adfa_ld,normal
6.31,2,0,0.69,4,3,adfa_ld,process_injection
12.49,0,0,-7.17,0,0,adfa_ld,normal
4.7,0,0,-5.27,0,0,adfa_ld,normal
4.7,0,0,-5.27,0,0,adfa_ld,normal
22.87,0,0,1.48,0,0,adfa_ld,normal
18.12,0,0,-8.15,0,0,adfa_ld,normal
7.63,0,0,0.0,0,0,adfa_ld,normal
4.7,0,0,-5.27,0,0,adfa_ld,normal
14.19,2,1,0.61,3,3,adfa_ld,privilege_escalation
12.4,0,0,0.61,0,0,adfa_ld,normal
10.69,0,0,0.01,0,0,adfa_ld,normal
7.44,0,0,-0.22,0,0,adfa_ld,normal
4.7,0,0,-5.27,0,0,adfa_ld,normal
9.45,0,0,-0.34,0,0,adfa_ld,normal
14.38,0,0,0.2,0,0,adfa_ld,normal
7.99,0,0,5.83,0,0,adfa_ld,normal
12.47,0,0,-16.48,0,0,adfa_ld,normal
4.7,0,0,-5.27,0,0,adfa_ld,normal
4.7,0,0,-5.27,0,0,adfa_ld,normal
4.7,0,0,-5.27,0,0,adfa_ld,normal
3.0,0,0,3.07,0,0,adfa_ld,normal
27.96,0,0,30.37,0,0,adfa_ld,normal
20.0,0,0,0.24,0,0,local_machine,normal
7.36,0,0,12.1,0,0,adfa_ld,normal
4.19,0,0,0.0,0,0,adfa_ld,normal
13.7,0,0,-1.65,0,0,adfa_ld,normal
20.58,0,0,0.13,0,0,adfa_ld,normal
12.84,2,0,0.19,5,4,adfa_ld,reverse_shell
4.7,0,0,-5.27,0,0,adfa_ld,normal
4.7,0,0,-5.27,0,0,adfa_ld,normal
26.15,0,0,2.6,0,0,adfa_ld,normal
9.31,1,0,5.01,2,2,adfa_ld,lateral_movement
15.46,0,0,-0.03,0,0,adfa_ld,normal
12.99,2,0,14.65,4,3,adfa_ld,process_injection
3.27,0,0,-9.18,0,0,adfa_ld,normal
9.74,0,0,-6.64,0,0,adfa_ld,normal
35.6,0,0,0.15,0,0,adfa_ld,normal
27.08,0,0,34.0,0,0,adfa_ld,normal
11.07,0,0,-16.2,0,0,adfa_ld,normal
9.37,0,0,-0.9,0,0,adfa_ld,normal
4.1,0,0,0.12,0,0,adfa_ld,normal
4.7,0,0,-5.27,0,0,adfa_ld,normal
21.95,0,0,0.09,0,0,adfa_ld,normal
13.94,0,0,-10.61,0,0,adfa_ld,normal
8.58,0,0,1.79,0,0,adfa_ld,normal
16.78,0,0,2.86,0,0,adfa_ld,normal
6.07,1,0,5.13,2,2,adfa_ld,lateral_movement
12.89,1,0,11.32,1,1,adfa_ld,credential_access
26.04,0,0,1.39,0,0,adfa_ld,normal
11.33,0,0,3.74,0,0,adfa_ld,normal
11.75,0,0,1.89,0,0,adfa_ld,normal
85.49,0,0,-12.53,0,0,adfa_ld,normal
4.7,0,0,-5.27,0,0,adfa_ld,normal
8.26,0,0,2.48,0,0,adfa_ld,normal
51.32,0,0,0.73,0,0,adfa_ld,normal
16.05,0,0,-3.38,0,0,adfa_ld,normal
16.05,0,0,-3.31,0,0,adfa_ld,normal
4.7,0,0,-5.27,0,0,adfa_ld,normal
9.05,1,0,-7.08,1,1,adfa_ld,credential_access
24.08,0,0,-0.75,0,0,adfa_ld,normal
19.36,0,0,-8.07,0,0,adfa_ld,normal
20.01,0,0,-5.77,0,0,adfa_ld,normal
4.7,0,0,-5.27,0,0,adfa_ld,normal
4.7,0,0,-5.27,0,0,adfa_ld,normal
4.7,0,0,-5.27,0,0,adfa_ld,normal
12.87,0,0,14.27,0,0,adfa_ld,normal
28.5,0,0,15.33,0,0,adfa_ld,normal
4.72,0,0,-3.16,0,0,adfa_ld,normal
29.18,0,0,-14.81,0,0,adfa_ld,normal
9.47,0,0,-4.91,0,0,adfa_ld,normal
11.83,0,0,-3.55,0,0,adfa_ld,normal
4.7,0,0,-5.27,0,0,adfa_ld,normal
12.4,0,0,-0.07,0,0,adfa_ld,normal
29.08,0,0,2.58,0,0,adfa_ld,normal
16.54,1,0,-0.08,1,1,adfa_ld,credential_access
27.08,0,0,34.0,0,0,adfa_ld,normal
4.7,0,0,-5.27,0,0,adfa_ld,normal
15.38,0,0,0.2,0,0,local_machine,normal
18.68,0,0,-22.69,0,0,adfa_ld,normal
6.97,1,0,2.12,1,1,adfa_ld,credential_access
13.65,0,0,-23.76,0,0,adfa_ld,normal
10.07,0,0,2.03,0,0,adfa_ld,normal
15.89,0,0,-0.05,0,0,adfa_ld,normal
10.1,0,0,3.15,0,0,adfa_ld,normal
22.24,0,0,21.64,0,0,adfa_ld,normal
16.05,0,0,-3.38,0,0,adfa_ld,normal
17.8,0,0,-14.12,0,0,adfa_ld,normal
25.66,0,0,-10.63,0,0,adfa_ld,normal
8.64,0,0,2.65,0,0,adfa_ld,normal
2.23,0,0,3.27,0,0,adfa_ld,normal
4.7,0,0,-5.27,0,0,adfa_ld,normal
4.7,0,0,-5.27,0,0,adfa_ld,normal
11.55,0,0,-1.67,0,0,adfa_ld,normal
4.7,0,0,-5.27,0,0,adfa_ld,normal
21.11,1,0,9.48,1,1,adfa_ld,credential_access
18.51,2,0,13.28,4,3,adfa_ld,process_injection
4.7,0,0,-5.27,0,0,adfa_ld,normal
20.41,0,0,17.05,0,0,adfa_ld,normal
100.0,0,0,5.98,0,0,adfa_ld,normal
27.37,0,0,31.16,0,0,adfa_ld,normal
4.7,0,0,-5.27,0,0,adfa_ld,normal
61.47,0,0,1.43,0,0,adfa_ld,normal
12.9,0,0,1.68,0,0,adfa_ld,normal
22.37,0,0,27.66,0,0,adfa_ld,normal
13.8,0,0,-14.52,0,0,adfa_ld,normal
13.61,2,0,0.12,5,4,adfa_ld,reverse_shell
52.37,0,0,30.05,0,0,adfa_ld,normal
13.63,0,0,3.66,0,0,adfa_ld,normal
19.86,0,0,19.27,0,0,adfa_ld,normal
4.7,0,0,-5.27,0,0,adfa_ld,normal
9.03,0,0,-3.04,0,0,adfa_ld,normal
23.77,0,0,1.62,0,0,adfa_ld,normal
11.76,0,0,-0.34,0,0,adfa_ld,normal
6.67,0,0,-3.32,0,0,adfa_ld,normal
15.67,0,0,-0.1,0,0,adfa_ld,normal
4.7,0,0,-5.27,0,0,adfa_ld,normal
15.9,0,0,-3.73,0,0,adfa_ld,normal
11.25,0,0,-1.84,0,0,adfa_ld,normal
4.49,0,0,-5.73,0,0,adfa_ld,normal
4.7,0,0,2.71,0,0,adfa_ld,normal
10.83,0,0,-3.96,0,0,adfa_ld,normal
10.83,0,0,-0.33,0,0,adfa_ld,normal
30.04,0,0,39.32,0,0,adfa_ld,normal
30.97,0,0,0.68,0,0,adfa_ld,normal
4.7,0,0,-5.27,0,0,adfa_ld,normal
13.7,0,0,3.18,0,0,adfa_ld,normal
19.31,0,0,6.3,0,0,adfa_ld,normal
15.69,0,0,-26.14,0,0,adfa_ld,normal
9.73,0,0,8.05,0,0,adfa_ld,normal
11.14,0,0,0.62,0,0,adfa_ld,normal
14.14,0,0,3.09,0,0,adfa_ld,normal
14.27,0,0,-2.01,0,0,adfa_ld,normal
22.71,0,0,-24.06,0,0,adfa_ld,normal
11.28,2,0,-1.21,5,4,adfa_ld,reverse_shell
37.03,0,0,0.68,0,0,adfa_ld,normal
27.08,0,0,34.0,0,0,adfa_ld,normal
19.39,1,0,-2.91,1,1,adfa_ld,credential_access
27.72,0,0,-3.04,0,0,adfa_ld,normal
4.7,0,0,-5.27,0,0,adfa_ld,normal
9.34,0,0,-4.65,0,0,adfa_ld,normal
4.7,0,0,-5.27,0,0,adfa_ld,normal
9.88,0,0,2.91,0,0,adfa_ld,normal
40.03,0,0,3.67,0,0,adfa_ld,normal
9.34,0,0,-0.84,0,0,adfa_ld,normal
4.7,0,0,-5.27,0,0,adfa_ld,normal
12.71,0,0,0.18,0,0,adfa_ld,normal
39.55,0,0,0.94,0,0,adfa_ld,normal
7.12,0,0,1.99,0,0,adfa_ld,normal
4.7,0,0,-5.27,0,0,adfa_ld,normal
24.41,0,0,-0.4,0,0,adfa_ld,normal
24.54,0,0,6.1,0,0,adfa_ld,normal
24.91,1,0,-3.1,2,2,adfa_ld,lateral_movement
8.46,0,0,4.01,0,0,adfa_ld,normal
9.28,2,0,-13.03,4,3,adfa_ld,process_injection
11.97,0,0,0.05,0,0,adfa_ld,normal
13.82,0,0,-3.83,0,0,adfa_ld,normal
12.2,2,0,-0.79,5,4,adfa_ld,reverse_shell
10.5,0,0,4.01,0,0,adfa_ld,normal
4.7,0,0,-5.27,0,0,adfa_ld,normal
12.87,2,0,-1.88,5,4,adfa_ld,reverse_shell
10.92,1,0,0.27,1,1,adfa_ld,credential_access
33.86,0,0,24.64,0,0,adfa_ld,normal
7.92,0,0,10.98,0,0,adfa_ld,normal
7.35,0,0,-1.55,0,0,adfa_ld,normal
13.46,0,0,-5.58,0,0,adfa_ld,normal
14.65,0,0,4.48,0,0,adfa_ld,normal
4.7,0,0,-5.27,0,0,adfa_ld,normal
4.7,0,0,-5.27,0,0,adfa_ld,normal
11.11,0,0,-2.08,0,0,adfa_ld,normal
10.77,0,0,7.02,0,0,adfa_ld,normal
9.92,0,0,-1.6,0,0,adfa_ld,normal
12.98,0,0,-0.29,0,0,adfa_ld,normal
8.7,0,0,0.71,0,0,adfa_ld,normal
7.37,2,0,1.27,4,3,adfa_ld,process_injection
9.95,0,0,0.07,0,0,adfa_ld,normal
25.78,0,0,33.93,0,0,adfa_ld,normal
11.99,0,0,-6.56,0,0,adfa_ld,normal
10.6,0,0,0.0,0,0,adfa_ld,normal
14.49,0,0,13.45,0,0,adfa_ld,normal
4.7,0,0,-5.27,0,0,adfa_ld,normal
4.7,0,0,-5.27,0,0,adfa_ld,normal
10.38,0,0,0.88,0,0,adfa_ld,normal
18.22,0,0,-0.32,0,0,adfa_ld,normal
7.04,0,0,-6.75,0,0,adfa_ld,normal
10.66,0,0,-1.32,0,0,adfa_ld,normal
9.71,0,0,-0.68,0,0,adfa_ld,normal
14.32,2,1,-0.26,3,3,adfa_ld,privilege_escalation
8.58,0,0,1.79,0,0,adfa_ld,normal
8.64,0,0,1.42,0,0,adfa_ld,normal
14.24,0,0,4.35,0,0,adfa_ld,normal
12.56,1,0,0.0,1,1,adfa_ld,credential_access
22.7,0,0,1.69,0,0,adfa_ld,normal
13.28,1,0,0.99,1,1,adfa_ld,credential_access
22.72,0,0,-0.65,0,0,adfa_ld,normal
11.7,0,0,-0.67,0,0,adfa_ld,normal
4.7,0,0,-5.27,0,0,adfa_ld,normal
7.01,0,0,2.38,0,0,adfa_ld,normal
7.69,0,0,-6.3,0,0,adfa_ld,normal
4.7,0,0,-5.27,0,0,adfa_ld,normal
21.42,0,0,-1.7,0,0,adfa_ld,normal
4.82,0,0,1.11,0,0,adfa_ld,normal
4.7,0,0,-5.27,0,0,adfa_ld,normal
4.7,0,0,-5.27,0,0,adfa_ld,normal
4.7,0,0,-5.27,0,0,adfa_ld,normal
14.3,0,0,-0.74,0,0,adfa_ld,normal
4.7,0,0,-5.27,0,0,adfa_ld,normal
23.17,0,0,1.84,0,0,adfa_ld,normal
14.32,0,0,0.06,0,0,adfa_ld,normal
9.16,0,0,3.61,0,0,adfa_ld,normal
11.95,0,0,0.13,0,0,adfa_ld,normal
27.19,0,0,3.99,0,0,adfa_ld,normal
11.12,0,0,1.56,0,0,adfa_ld,normal
9.83,0,0,-1.03,0,0,adfa_ld,normal
25.08,0,0,25.62,0,0,adfa_ld,normal
26.63,0,0,-2.19,0,0,adfa_ld,normal
10.02,0,0,3.81,0,0,adfa_ld,normal
7.59,0,0,10.29,0,0,adfa_ld,normal
9.23,0,0,4.6,0,0,local_machine,normal
8.81,0,0,7.33,0,0,adfa_ld,normal
19.22,0,0,-0.26,0,0,adfa_ld,normal
6.94,2,0,3.36,4,3,adfa_ld,process_injection
18.68,0,0,-22.69,0,0,adfa_ld,normal
12.59,0,0,3.17,0,0,adfa_ld,normal
4.7,0,0,-5.27,0,0,adfa_ld,normal
7.38,0,0,-4.12,0,0,adfa_ld,normal
7.07,0,0,-0.73,0,0,adfa_ld,normal
8.04,0,0,-2.12,0,0,adfa_ld,normal
4.74,0,0,-5.9,0,0,adfa_ld,normal
10.34,1,0,1.72,1,1,adfa_ld,credential_access
11.93,0,0,0.06,0,0,adfa_ld,normal
6.45,0,0,8.09,0,0,adfa_ld,normal
11.2,0,0,0.23,0,0,adfa_ld,normal
27.64,0,0,1.73,0,0,adfa_ld,normal
5.11,0,0,-3.52,0,0,adfa_ld,normal
17.85,1,0,-2.33,2,2,adfa_ld,lateral_movement
22.23,2,0,0.94,5,4,adfa_ld,reverse_shell
9.88,0,0,1.63,0,0,adfa_ld,normal
15.1,0,0,-0.2,0,0,adfa_ld,normal
34.03,0,0,0.23,0,0,adfa_ld,normal
4.7,0,0,-5.27,0,0,adfa_ld,normal
11.28,0,0,3.01,0,0,adfa_ld,normal
3.72,0,0,-0.99,0,0,adfa_ld,normal
19.53,0,0,7.42,0,0,adfa_ld,normal
4.7,0,0,-5.27,0,0,adfa_ld,normal
7.05,0,0,-4.65,0,0,adfa_ld,normal
14.93,1,0,-2.39,1,1,adfa_ld,credential_access
27.07,0,0,4.39,0,0,adfa_ld,normal
23.08,0,0,-15.94,0,0,adfa_ld,normal
4.7,0,0,-5.27,0,0,adfa_ld,normal
12.87,0,0,5.44,0,0,adfa_ld,normal
17.07,2,1,-0.02,3,3,adfa_ld,privilege_escalation
15.9,0,0,-3.73,0,0,adfa_ld,normal
7.94,0,0,0.7,0,0,adfa_ld,normal
10.4,0,0,1.16,0,0,adfa_ld,normal
25.65,1,0,-0.07,2,2,adfa_ld,lateral_movement
26.72,1,0,0.22,2,2,adfa_ld,lateral_movement
11.34,0,0,1.45,0,0,adfa_ld,normal
4.7,0,0,-7.34,0,0,adfa_ld,normal
4.7,0,0,-5.27,0,0,adfa_ld,normal
6.83,0,0,-2.38,0,0,adfa_ld,normal
4.7,0,0,-5.27,0,0,adfa_ld,normal
11.01,0,0,6.27,0,0,adfa_ld,normal
7.91,0,0,1.84,0,0,adfa_ld,normal
10.38,0,0,0.94,0,0,adfa_ld,normal
16.09,1,0,0.2,2,2,adfa_ld,lateral_movement
9.56,0,0,1.67,0,0,adfa_ld,normal
6.89,0,0,-6.15,0,0,adfa_ld,normal
4.7,0,0,-5.27,0,0,adfa_ld,normal
10.1,0,0,0.63,0,0,adfa_ld,normal
11.78,0,0,-15.68,0,0,adfa_ld,normal
16.33,1,0,18.29,1,1,adfa_ld,credential_access
7.42,0,0,0.67,0,0,adfa_ld,normal
18.55,0,0,10.8,0,0,adfa_ld,normal
9.62,0,0,0.63,0,0,adfa_ld,normal
4.7,0,0,-5.27,0,0,adfa_ld,normal
52.55,0,0,0.55,0,0,adfa_ld,normal
15.69,0,0,-25.93,0,0,adfa_ld,normal
13.29,1,0,0.2,1,1,adfa_ld,credential_access
11.54,1,0,-2.81,1,1,adfa_ld,credential_access
18.46,0,0,0.21,0,0,local_machine,normal
4.7,0,0,-5.27,0,0,adfa_ld,normal
13.75,2,0,2.86,4,3,adfa_ld,process_injection
16.08,0,0,-0.08,0,0,adfa_ld,normal
25.06,1,0,0.57,2,2,adfa_ld,lateral_movement
4.7,0,0,-5.27,0,0,adfa_ld,normal
13.12,0,0,0.82,0,0,adfa_ld,normal
14.84,0,0,0.1,0,0,adfa_ld,normal
8.11,0,0,5.53,0,0,adfa_ld,normal
22.66,0,0,5.64,0,0,adfa_ld,normal
27.08,0,0,34.0,0,0,adfa_ld,normal
8.26,0,0,-2.27,0,0,adfa_ld,normal
37.01,0,0,1.15,0,0,adfa_ld,normal
9.63,0,0,-13.6,0,0,adfa_ld,normal
5.67,0,0,-5.92,0,0,adfa_ld,normal
10.99,0,0,10.58,0,0,adfa_ld,normal
5.29,0,0,-8.05,0,0,adfa_ld,normal
7.29,0,0,-10.5,0,0,adfa_ld,normal
11.04,0,0,7.54,0,0,adfa_ld,normal
4.7,0,0,-5.27,0,0,adfa_ld,normal
29.8,0,0,45.96,0,0,adfa_ld,normal
14.31,2,0,0.07,4,3,adfa_ld,process_injection
13.03,0,0,4.42,0,0,adfa_ld,normal
24.0,0,0,22.68,0,0,adfa_ld,normal
4.7,0,0,-5.27,0,0,adfa_ld,normal
4.7,0,0,-5.27,0,0,adfa_ld,normal
23.77,0,0,-26.19,0,0,adfa_ld,normal
7.92,0,0,10.98,0,0,adfa_ld,normal
9.0,0,0,-0.99,0,0,adfa_ld,normal
4.7,0,0,-8.12,0,0,adfa_ld,normal
4.7,0,0,-5.27,0,0,adfa_ld,normal
12.04,0,0,0.21,0,0,adfa_ld,normal
16.62,1,0,11.28,2,2,adfa_ld,lateral_movement
4.7,0,0,-5.27,0,0,adfa_ld,normal
4.7,0,0,-5.27,0,0,adfa_ld,normal
29.59,0,0,0.77,0,0,adfa_ld,normal
13.39,0,0,11.12,0,0,adfa_ld,normal
27.97,1,0,-12.1,1,1,adfa_ld,credential_access
10.88,0,0,3.38,0,0,adfa_ld,normal
21.76,0,0,-1.46,0,0,adfa_ld,normal
4.7,0,0,-5.27,0,0,adfa_ld,normal
4.7,0,0,-5.27,0,0,adfa_ld,normal
13.4,0,0,-13.56,0,0,adfa_ld,normal
23.57,0,0,27.77,0,0,adfa_ld,normal
2.13,0,0,2.73,0,0,adfa_ld,normal
4.7,0,0,-5.27,0,0,adfa_ld,normal
11.95,2,0,-0.65,5,4,adfa_ld,reverse_shell
3.1,0,0,3.07,0,0,adfa_ld,normal
10.57,0,0,1.14,0,0,adfa_ld,normal
11.29,0,0,-0.1,0,0,adfa_ld,normal
12.75,0,0,-0.1,0,0,adfa_ld,normal
4.7,0,0,-5.27,0,0,adfa_ld,normal
12.82,2,1,0.3,3,3,adfa_ld,privilege_escalation
10.0,0,0,10.0,0,0,local_machine,normal
4.7,0,0,-5.27,0,0,adfa_ld,normal
8.16,0,0,1.48,0,0,adfa_ld,normal
7.98,0,0,-0.43,0,0,adfa_ld,normal
9.27,0,0,1.76,0,0,adfa_ld,normal
12.63,1,0,-0.11,2,2,adfa_ld,lateral_movement
4.7,0,0,-5.27,0,0,adfa_ld,normal
8.1,2,0,-0.33,4,3,adfa_ld,process_injection
12.99,0,0,0.04,0,0,adfa_ld,normal
6.64,0,0,1.35,0,0,adfa_ld,normal
3.83,0,0,1.79,0,0,adfa_ld,normal
7.95,0,0,0.4,0,0,adfa_ld,normal
15.9,0,0,-3.73,0,0,adfa_ld,normal
20.54,0,0,-0.67,0,0,adfa_ld,normal
11.29,0,0,-4.11,0,0,adfa_ld,normal
4.7,0,0,-5.27,0,0,adfa_ld,normal
21.36,0,0,-10.61,0,0,adfa_ld,normal
15.94,2,0,-0.07,5,4,adfa_ld,reverse_shell
16.06,0,0,-0.13,0,0,adfa_ld,normal
18.17,0,0,1.81,0,0,adfa_ld,normal
8.4,0,0,-5.5,0,0,adfa_ld,normal
8.81,0,0,7.33,0,0,adfa_ld,normal
30.49,0,0,19.47,0,0,adfa_ld,normal
8.44,0,0,-5.94,0,0,adfa_ld,normal
5.26,0,0,1.46,0,0,adfa_ld,normal
13.88,0,0,1.76,0,0,adfa_ld,normal
10.49,0,0,3.11,0,0,adfa_ld,normal
4.7,0,0,-5.27,0,0,adfa_ld,normal
10.46,0,0,0.41,0,0,adfa_ld,normal
27.39,0,0,-0.27,0,0,adfa_ld,normal
16.97,0,0,1.92,0,0,adfa_ld,normal
12.78,0,0,-0.07,0,0,adfa_ld,normal
10.91,0,0,-0.49,0,0,adfa_ld,normal
15.23,1,0,12.44,1,1,adfa_ld,credential_access
11.24,1,0,-1.66,1,1,adfa_ld,credential_access
7.1,1,0,-6.14,2,2,adfa_ld,lateral_movement
5.67,0,0,5.86,0,0,adfa_ld,normal
28.32,0,0,1.68,0,0,adfa_ld,normal
12.98,0,0,-0.29,0,0,adfa_ld,normal
4.88,0,0,10.55,0,0,adfa_ld,normal
26.6,0,0,-3.9,0,0,adfa_ld,normal
7.46,0,0,4.16,0,0,adfa_ld,normal
18.57,1,0,-7.1,2,2,adfa_ld,lateral_movement
27.95,0,0,-2.88,0,0,adfa_ld,normal
4.7,0,0,-5.27,0,0,adfa_ld,normal
15.23,1,0,-7.11,2,2,adfa_ld,lateral_movement
7.91,0,0,4.2,0,0,adfa_ld,normal
9.32,0,0,1.52,0,0,adfa_ld,normal
10.88,0,0,3.38,0,0,adfa_ld,normal
9.32,0,0,1.52,0,0,adfa_ld,normal
4.7,0,0,-5.27,0,0,adfa_ld,normal
11.68,2,1,0.46,3,3,adfa_ld,privilege_escalation
14.53,1,0,0.07,1,1,adfa_ld,credential_access
22.34,0,0,-26.71,0,0,adfa_ld,normal
12.18,0,0,0.2,0,0,adfa_ld,normal
5.67,0,0,-5.85,0,0,adfa_ld,normal
26.16,1,0,36.37,2,2,adfa_ld,lateral_movement
17.37,0,0,0.12,0,0,adfa_ld,normal
4.7,0,0,-5.27,0,0,adfa_ld,normal
52.93,0,0,0.0,0,0,adfa_ld,normal
40.69,0,0,-1.84,0,0,adfa_ld,normal
8.81,0,0,7.33,0,0,adfa_ld,normal
16.92,0,0,28.97,0,0,adfa_ld,normal
4.7,0,0,-5.27,0,0,adfa_ld,normal
7.95,0,0,0.66,0,0,adfa_ld,normal
13.0,0,0,1.8,0,0,adfa_ld,normal
35.85,0,0,0.55,0,0,adfa_ld,normal
22.73,0,0,1.69,0,0,adfa_ld,normal
27.08,0,0,34.0,0,0,adfa_ld,normal
4.7,0,0,-5.27,0,0,adfa_ld,normal
18.12,0,0,-8.15,0,0,adfa_ld,normal
4.7,0,0,-5.27,0,0,adfa_ld,normal
4.7,0,0,-5.27,0,0,adfa_ld,normal
18.77,0,0,0.58,0,0,adfa_ld,normal
11.86,0,0,0.49,0,0,adfa_ld,normal
3.75,0,0,-0.32,0,0,adfa_ld,normal
10.46,0,0,2.5,0,0,adfa_ld,normal
15.17,2,0,-0.41,4,3,adfa_ld,process_injection
9.23,0,0,5.01,0,0,local_machine,normal
4.64,0,0,-5.34,0,0,adfa_ld,normal
27.87,0,0,0.34,0,0,adfa_ld,normal
4.7,0,0,-5.27,0,0,adfa_ld,normal
2.5,0,0,-2.21,0,0,adfa_ld,normal
7.59,0,0,2.13,0,0,adfa_ld,normal
4.7,0,0,-5.27,0,0,adfa_ld,normal
37.55,0,0,0.2,0,0,adfa_ld,normal
22.98,0,0,0.93,0,0,adfa_ld,normal
21.94,0,0,-10.44,0,0,adfa_ld,normal
4.7,0,0,-5.27,0,0,adfa_ld,normal
17.09,0,0,-8.3,0,0,adfa_ld,normal
4.83,0,0,-2.73,0,0,adfa_ld,normal
9.71,0,0,-0.68,0,0,adfa_ld,normal
11.17,0,0,-0.13,0,0,adfa_ld,normal
8.04,0,0,-4.48,0,0,adfa_ld,normal
13.51,0,0,11.46,0,0,adfa_ld,normal
12.16,0,0,6.51,0,0,adfa_ld,normal
10.0,0,0,2.38,0,0,adfa_ld,normal
30.27,0,0,-0.16,0,0,adfa_ld,normal
30.04,0,0,39.32,0,0,adfa_ld,normal
4.7,0,0,-5.27,0,0,adfa_ld,normal
6.45,0,0,8.09,0,0,adfa_ld,normal
4.7,0,0,-5.27,0,0,adfa_ld,normal
2.74,0,0,3.7,0,0,adfa_ld,normal
9.39,0,0,0.62,0,0,adfa_ld,normal
16.97,0,0,1.92,0,0,adfa_ld,normal
4.42,0,0,-6.68,0,0,adfa_ld,normal
11.94,1,0,0.07,1,1,adfa_ld,credential_access
7.08,0,0,16.22,0,0,adfa_ld,normal
14.51,2,1,-0.46,3,3,adfa_ld,privilege_escalation
12.64,0,0,-2.03,0,0,adfa_ld,normal
4.7,0,0,-5.27,0,0,adfa_ld,normal
4.7,0,0,-5.27,0,0,adfa_ld,normal
6.81,0,0,-4.56,0,0,adfa_ld,normal
31.32,0,0,29.85,0,0,adfa_ld,normal
9.1,0,0,-5.93,0,0,adfa_ld,normal
9.28,2,0,3.16,5,4,adfa_ld,reverse_shell
13.99,2,1,15.35,3,3,adfa_ld,privilege_escalation
8.69,0,0,-9.24,0,0,adfa_ld,normal
4.7,0,0,-5.27,0,0,adfa_ld,normal
7.73,0,0,0.27,0,0,adfa_ld,normal
4.7,0,0,-5.27,0,0,adfa_ld,normal
21.04,0,0,2.52,0,0,adfa_ld,normal
14.83,0,0,0.07,0,0,adfa_ld,normal
25.18,0,0,-23.14,0,0,adfa_ld,normal
18.46,0,0,0.02,0,0,local_machine,normal
13.78,0,0,-11.71,0,0,adfa_ld,normal
4.7,0,0,-5.27,0,0,adfa_ld,normal
18.01,0,0,0.39,0,0,adfa_ld,normal
16.55,0,0,-1.47,0,0,adfa_ld,normal
24.12,0,0,0.07,0,0,adfa_ld,normal
26.7,0,0,4.41,0,0,adfa_ld,normal
14.66,1,0,0.12,1,1,adfa_ld,credential_access
7.12,0,0,-0.69,0,0,adfa_ld,normal
8.66,0,0,-0.95,0,0,adfa_ld,normal
9.91,0,0,3.35,0,0,adfa_ld,normal
15.38,2,1,0.38,3,3,adfa_ld,privilege_escalation
4.7,0,0,-5.27,0,0,adfa_ld,normal
9.13,0,0,0.74,0,0,adfa_ld,normal
10.86,0,0,2.14,0,0,adfa_ld,normal
27.08,0,0,34.0,0,0,adfa_ld,normal
5.05,0,0,-0.11,0,0,adfa_ld,normal
11.52,2,0,-15.9,5,4,adfa_ld,reverse_shell
4.7,0,0,-5.27,0,0,adfa_ld,normal
8.81,0,0,7.33,0,0,adfa_ld,normal
4.7,0,0,-5.27,0,0,adfa_ld,normal
4.7,0,0,-5.27,0,0,adfa_ld,normal
14.48,2,1,0.2,3,3,adfa_ld,privilege_escalation
27.08,0,0,34.0,0,0,adfa_ld,normal
10.1,0,0,0.63,0,0,adfa_ld,normal
24.58,0,0,3.7,0,0,adfa_ld,normal
4.7,0,0,-5.27,0,0,adfa_ld,normal
9.25,0,0,1.32,0,0,adfa_ld,normal
10.88,0,0,3.38,0,0,adfa_ld,normal
5.29,0,0,-8.25,0,0,adfa_ld,normal
24.27,1,0,-19.83,2,2,adfa_ld,lateral_movement
24.44,0,0,0.52,0,0,adfa_ld,normal
7.36,1,0,10.57,1,1,adfa_ld,credential_access
21.87,0,0,31.64,0,0,adfa_ld,normal
4.7,0,0,-5.27,0,0,adfa_ld,normal
7.12,0,0,1.43,0,0,adfa_ld,normal
18.46,0,0,0.0,0,0,local_machine,normal
16.03,0,0,12.62,0,0,adfa_ld,normal
14.47,0,0,-1.54,0,0,adfa_ld,normal
16.97,0,0,1.92,0,0,adfa_ld,normal
7.02,0,0,-4.52,0,0,adfa_ld,normal
4.7,0,0,-5.27,0,0,adfa_ld,normal
22.37,0,0,27.66,0,0,adfa_ld,normal
32.85,0,0,-37.51,0,0,adfa_ld,normal
10.14,0,0,0.01,0,0,adfa_ld,normal
25.08,0,0,25.62,0,0,adfa_ld,normal
27.96,0,0,30.37,0,0,adfa_ld,normal
8.81,0,0,-15.13,0,0,adfa_ld,normal
21.78,1,0,-4.42,1,1,adfa_ld,credential_access
8.7,0,0,-0.54,0,0,adfa_ld,normal
22.06,0,0,32.34,0,0,adfa_ld,normal
30.04,0,0,39.32,0,0,adfa_ld,normal
3.23,0,0,3.41,0,0,adfa_ld,normal
24.72,1,0,5.33,2,2,adfa_ld,lateral_movement
6.85,0,0,-5.92,0,0,adfa_ld,normal
13.85,0,0,0.34,0,0,adfa_ld,normal
11.3,2,0,-1.12,5,4,adfa_ld,reverse_shell
15.9,0,0,-3.73,0,0,adfa_ld,normal
11.78,2,0,-0.93,4,3,adfa_ld,process_injection
27.33,0,0,24.71,0,0,adfa_ld,normal
21.49,0,0,31.24,0,0,adfa_ld,normal
8.4,0,0,-5.5,0,0,adfa_ld,normal
4.7,0,0,-5.27,0,0,adfa_ld,normal
11.11,0,0,8.99,0,0,adfa_ld,normal
5.22,0,0,-9.5,0,0,adfa_ld,normal
27.08,0,0,34.0,0,0,adfa_ld,normal
3.44,0,0,3.99,0,0,adfa_ld,normal
4.7,0,0,-5.27,0,0,adfa_ld,normal
7.61,0,0,-10.87,0,0,adfa_ld,normal
25.07,0,0,-0.05,0,0,adfa_ld,normal
8.56,0,0,3.57,0,0,adfa_ld,normal
6.63,0,0,1.21,0,0,adfa_ld,normal
10.82,0,0,-1.63,0,0,adfa_ld,normal
4.72,0,0,-3.16,0,0,adfa_ld,normal
17.97,2,1,1.96,3,3,adfa_ld,privilege_escalation
4.7,0,0,-5.27,0,0,adfa_ld,normal
48.55,0,0,-0.22,0,0,adfa_ld,normal
4.7,0,0,-5.27,0,0,adfa_ld,normal
21.72,0,0,0.0,0,0,adfa_ld,normal
10.98,0,0,2.48,0,0,adfa_ld,normal
12.01,0,0,0.21,0,0,adfa_ld,normal
6.11,0,0,-0.58,0,0,adfa_ld,normal
12.12,2,1,0.13,3,3,adfa_ld,privilege_escalation
4.7,0,0,-5.27,0,0,adfa_ld,normal
25.08,0,0,25.62,0,0,adfa_ld,normal
5.38,0,0,0.25,0,0,local_machine,normal
53.25,0,0,0.44,0,0,adfa_ld,normal
9.08,0,0,-2.34,0,0,adfa_ld,normal
25.17,1,0,-13.35,2,2,adfa_ld,lateral_movement
20.01,0,0,-5.77,0,0,adfa_ld,normal
22.77,0,0,3.57,0,0,adfa_ld,normal
4.7,0,0,-5.27,0,0,adfa_ld,normal
30.82,0,0,14.33,0,0,adfa_ld,normal
7.54,0,0,-0.02,0,0,adfa_ld,normal
5.41,0,0,10.49,0,0,adfa_ld,normal
4.7,0,0,-5.27,0,0,adfa_ld,normal
9.41,0,0,3.36,0,0,adfa_ld,normal
4.7,0,0,-5.27,0,0,adfa_ld,normal
25.7,0,0,28.29,0,0,adfa_ld,normal
15.12,0,0,3.14,0,0,adfa_ld,normal
4.7,0,0,-5.27,0,0,adfa_ld,normal
14.13,0,0,0.0,0,0,adfa_ld,normal
19.22,0,0,-0.26,0,0,adfa_ld,normal
25.78,0,0,33.93,0,0,adfa_ld,normal
7.42,0,0,-0.24,0,0,adfa_ld,normal
13.23,0,0,3.03,0,0,adfa_ld,normal
6.28,0,0,2.46,0,0,adfa_ld,normal
7.18,0,0,-4.23,0,0,adfa_ld,normal
9.44,0,0,1.35,0,0,adfa_ld,normal
9.71,0,0,-0.68,0,0,adfa_ld,normal
14.66,1,0,-1.42,2,2,adfa_ld,lateral_movement
46.41,0,0,1.32,0,0,adfa_ld,normal
12.26,0,0,0.54,0,0,adfa_ld,normal
12.31,0,0,17.74,0,0,adfa_ld,normal
15.99,0,0,23.8,0,0,adfa_ld,normal
26.13,0,0,21.84,0,0,adfa_ld,normal
4.7,0,0,-5.27,0,0,adfa_ld,normal
16.05,0,0,-3.38,0,0,adfa_ld,normal
13.23,0,0,3.03,0,0,adfa_ld,normal
27.79,0,0,4.3,0,0,adfa_ld,normal
8.13,0,0,2.53,0,0,adfa_ld,normal
16.05,0,0,-3.38,0,0,adfa_ld,normal
4.7,0,0,-5.27,0,0,adfa_ld,normal
16.42,0,0,5.73,0,0,adfa_ld,normal
24.33,0,0,0.0,0,0,adfa_ld,normal
40.41,0,0,-0.54,0,0,adfa_ld,normal
3.44,0,0,3.64,0,0,adfa_ld,normal
16.92,1,0,16.84,2,2,adfa_ld,lateral_movement
4.7,0,0,-5.27,0,0,adfa_ld,normal
4.92,0,0,3.41,0,0,adfa_ld,normal
4.7,0,0,-5.27,0,0,adfa_ld,normal
8.19,0,0,-4.94,0,0,adfa_ld,normal
4.7,0,0,-5.27,0,0,adfa_ld,normal
11.33,2,1,0.28,3,3,adfa_ld,privilege_escalation
4.7,0,0,-5.27,0,0,adfa_ld,normal
15.54,1,0,11.66,1,1,adfa_ld,credential_access
8.41,0,0,-7.46,0,0,adfa_ld,normal
24.08,0,0,-0.75,0,0,adfa_ld,normal
29.4,0,0,2.58,0,0,adfa_ld,normal
20.01,0,0,-5.77,0,0,adfa_ld,normal
19.36,0,0,-8.07,0,0,adfa_ld,normal
4.7,0,0,-5.27,0,0,adfa_ld,normal
6.19,0,0,0.49,0,0,adfa_ld,normal
4.7,0,0,-5.27,0,0,adfa_ld,normal
7.78,0,0,-0.02,0,0,adfa_ld,normal
10.93,0,0,-0.44,0,0,adfa_ld,normal
13.38,0,0,0.13,0,0,adfa_ld,normal
4.7,0,0,-5.27,0,0,adfa_ld,normal
18.88,0,0,-19.96,0,0,adfa_ld,normal
30.2,0,0,-0.69,0,0,adfa_ld,normal
9.6,0,0,1.72,0,0,adfa_ld,normal
16.17,0,0,0.72,0,0,adfa_ld,normal
9.21,0,0,-1.13,0,0,adfa_ld,normal
61.47,0,0,1.43,0,0,adfa_ld,normal
10.98,0,0,2.48,0,0,adfa_ld,normal
9.21,0,0,4.52,0,0,adfa_ld,normal
4.7,0,0,-5.27,0,0,adfa_ld,normal
11.19,2,0,-0.74,4,3,adfa_ld,process_injection
4.7,0,0,-5.27,0,0,adfa_ld,normal
12.07,1,0,1.65,1,1,adfa_ld,credential_access
4.7,0,0,-5.27,0,0,adfa_ld,normal
14.31,2,0,-0.07,5,4,adfa_ld,reverse_shell
4.7,0,0,-5.27,0,0,adfa_ld,normal
9.68,1,0,-0.39,1,1,adfa_ld,credential_access
8.58,0,0,-5.78,0,0,adfa_ld,normal
11.35,0,0,-4.63,0,0,adfa_ld,normal
9.34,0,0,-3.04,0,0,adfa_ld,normal
4.7,0,0,-5.27,0,0,adfa_ld,normal
4.3,0,0,-3.09,0,0,adfa_ld,normal
16.81,0,0,-24.05,0,0,adfa_ld,normal
11.62,0,0,2.12,0,0,adfa_ld,normal
10.57,0,0,-2.79,0,0,adfa_ld,normal
13.0,2,0,1.19,5,4,adfa_ld,reverse_shell
7.66,0,0,-0.02,0,0,adfa_ld,normal
4.7,0,0,-5.27,0,0,adfa_ld,normal
17.07,0,0,5.6,0,0,adfa_ld,normal
11.15,2,0,-1.63,5,4,adfa_ld,reverse_shell
24.94,1,0,-20.63,2,2,adfa_ld,lateral_movement
21.78,0,0,3.7,0,0,adfa_ld,normal
15.74,0,0,-3.33,0,0,adfa_ld,normal
10.18,0,0,-0.19,0,0,adfa_ld,normal
20.01,0,0,-5.77,0,0,adfa_ld,normal
4.7,0,0,-5.27,0,0,adfa_ld,normal
4.7,0,0,-5.27,0,0,adfa_ld,normal
15.94,0,0,0.2,0,0,adfa_ld,normal
28.35,0,0,3.45,0,0,adfa_ld,normal
8.03,0,0,-2.13,0,0,adfa_ld,normal
45.99,2,1,-0.07,3,3,adfa_ld,privilege_escalation
15.11,2,1,0.18,3,3,adfa_ld,privilege_escalation
4.7,0,0,-5.27,0,0,adfa_ld,normal
14.65,0,0,1.04,0,0,adfa_ld,normal
9.62,0,0,-4.82,0,0,adfa_ld,normal
4.7,0,0,-5.27,0,0,adfa_ld,normal
6.67,0,0,-8.0,0,0,adfa_ld,normal
11.03,0,0,-1.57,0,0,adfa_ld,normal
12.86,2,0,-1.18,4,3,adfa_ld,process_injection
7.8,0,0,0.68,0,0,adfa_ld,normal
22.66,0,0,0.27,0,0,adfa_ld,normal
27.33,0,0,24.71,0,0,adfa_ld,normal
9.26,0,0,1.38,0,0,adfa_ld,normal
28.37,0,0,-19.89,0,0,adfa_ld,normal
6.45,0,0,8.09,0,0,adfa_ld,normal
10.74,1,0,-0.07,1,1,adfa_ld,credential_access
9.66,0,0,-5.18,0,0,adfa_ld,normal
5.09,0,0,0.58,0,0,adfa_ld,normal
4.7,0,0,-5.27,0,0,adfa_ld,normal
30.04,0,0,39.32,0,0,adfa_ld,normal
9.19,0,0,-0.33,0,0,adfa_ld,normal
7.31,0,0,-3.79,0,0,adfa_ld,normal
12.2,0,0,0.23,0,0,adfa_ld,normal
4.7,0,0,-5.27,0,0,adfa_ld,normal
4.7,0,0,-5.27,0,0,adfa_ld,normal
38.88,0,0,-0.5,0,0,adfa_ld,normal
7.15,0,0,2.52,0,0,adfa_ld,normal
4.7,0,0,-5.27,0,0,adfa_ld,normal
9.05,0,0,-2.25,0,0,adfa_ld,normal
4.7,0,0,-5.27,0,0,adfa_ld,normal
9.64,0,0,-0.81,0,0,adfa_ld,normal
4.7,0,0,-5.27,0,0,adfa_ld,normal
11.27,0,0,12.75,0,0,adfa_ld,normal
85.64,0,0,2.94,0,0,adfa_ld,normal
14.11,1,0,1.21,2,2,adfa_ld,lateral_movement
9.01,0,0,1.44,0,0,adfa_ld,normal
17.37,0,0,9.67,0,0,adfa_ld,normal
7.09,0,0,-6.17,0,0,adfa_ld,normal
25.9,0,0,12.77,0,0,adfa_ld,normal
14.73,0,0,3.89,0,0,adfa_ld,normal
4.7,0,0,-5.27,0,0,adfa_ld,normal
16.92,0,0,28.97,0,0,adfa_ld,normal
4.7,0,0,-5.27,0,0,adfa_ld,normal
4.7,0,0,-5.27,0,0,adfa_ld,normal
13.24,0,0,0.61,0,0,adfa_ld,normal
4.7,0,0,-5.27,0,0,adfa_ld,normal
16.03,2,0,-0.37,5,4,adfa_ld,reverse_shell
15.9,0,0,-3.73,0,0,adfa_ld,normal
23.17,1,0,-0.05,1,1,adfa_ld,credential_access
11.71,1,0,0.0,2,2,adfa_ld,lateral_movement
28.52,0,0,-0.16,0,0,adfa_ld,normal
3.63,0,0,3.35,0,0,adfa_ld,normal
16.05,0,0,-3.38,0,0,adfa_ld,normal
16.97,0,0,1.92,0,0,adfa_ld,normal
13.53,1,0,0.07,2,2,adfa_ld,lateral_movement
28.05,0,0,3.43,0,0,adfa_ld,normal
11.31,0,0,0.73,0,0,adfa_ld,normal
27.68,0,0,34.63,0,0,adfa_ld,normal
25.05,0,0,12.9,0,0,adfa_ld,normal
4.7,0,0,-5.27,0,0,adfa_ld,normal
54.64,0,0,0.0,0,0,adfa_ld,normal
4.92,0,0,-7.54,0,0,adfa_ld,normal
10.1,0,0,0.63,0,0,adfa_ld,normal
4.7,0,0,-5.27,0,0,adfa_ld,normal
47.29,0,0,6.41,0,0,adfa_ld,normal
4.7,0,0,-5.27,0,0,adfa_ld,normal
21.38,2,0,-0.97,4,3,adfa_ld,process_injection
20.01,0,0,-5.77,0,0,adfa_ld,normal
8.0,0,0,-2.07,0,0,adfa_ld,normal
7.36,0,0,12.1,0,0,adfa_ld,normal
7.46,0,0,-5.65,0,0,adfa_ld,normal
4.7,0,0,-5.27,0,0,adfa_ld,normal
10.09,0,0,0.71,0,0,adfa_ld,normal
2.7,0,0,7.09,0,0,adfa_ld,normal
8.22,0,0,-2.99,0,0,adfa_ld,normal
20.28,0,0,-8.95,0,0,adfa_ld,normal
28.9,0,0,-3.54,0,0,adfa_ld,normal
6.77,0,0,2.54,0,0,adfa_ld,normal
4.7,0,0,-5.27,0,0,adfa_ld,normal
10.1,0,0,5.19,0,0,adfa_ld,normal
33.86,0,0,24.64,0,0,adfa_ld,normal
4.7,0,0,-5.27,0,0,adfa_ld,normal
57.78,0,0,1.44,0,0,adfa_ld,normal
8.26,0,0,-0.54,0,0,adfa_ld,normal
10.5,0,0,-3.98,0,0,adfa_ld,normal
17.82,0,0,-12.03,0,0,adfa_ld,normal
3.8,0,0,5.45,0,0,adfa_ld,normal
12.82,0,0,-7.77,0,0,adfa_ld,normal
33.31,0,0,30.87,0,0,adfa_ld,normal
11.26,0,0,0.63,0,0,adfa_ld,normal
52.5,0,0,29.91,0,0,adfa_ld,normal
16.97,0,0,1.92,0,0,adfa_ld,normal
20.94,0,0,1.98,0,0,adfa_ld,normal
12.28,1,0,-1.09,2,2,adfa_ld,lateral_movement
4.7,0,0,-5.27,0,0,adfa_ld,normal
33.08,0,0,10.7,0,0,adfa_ld,normal
21.49,0,0,31.24,0,0,adfa_ld,normal
4.7,0,0,-5.27,0,0,adfa_ld,normal
7.33,0,0,-5.88,0,0,adfa_ld,normal
11.77,0,0,3.01,0,0,adfa_ld,normal
4.7,0,0,-5.27,0,0,adfa_ld,normal
4.7,0,0,-5.27,0,0,adfa_ld,normal
7.88,1,0,-1.16,1,1,adfa_ld,credential_access
12.38,0,0,2.99,0,0,adfa_ld,normal
9.79,0,0,-0.87,0,0,adfa_ld,normal
13.21,1,0,0.13,2,2,adfa_ld,lateral_movement
4.7,0,0,-5.27,0,0,adfa_ld,normal
4.7,0,0,-5.27,0,0,adfa_ld,normal
24.97,2,0,-0.34,4,3,adfa_ld,process_injection
4.7,0,0,-5.27,0,0,adfa_ld,normal
13.54,2,0,2.19,5,4,adfa_ld,reverse_shell
15.87,0,0,-0.07,0,0,adfa_ld,normal
5.22,0,0,-9.5,0,0,adfa_ld,normal
18.12,0,0,-8.15,0,0,adfa_ld,normal
8.34,0,0,8.3,0,0,adfa_ld,normal
29.64,1,0,-22.31,2,2,adfa_ld,lateral_movement
13.65,0,0,2.42,0,0,adfa_ld,normal
25.74,0,0,0.82,0,0,adfa_ld,normal
5.07,0,0,-3.77,0,0,adfa_ld,normal
25.92,0,0,27.18,0,0,adfa_ld,normal
14.05,0,0,-3.88,0,0,adfa_ld,normal
4.7,0,0,-5.27,0,0,adfa_ld,normal
25.98,0,0,-0.26,0,0,adfa_ld,normal
9.99,0,0,-4.06,0,0,adfa_ld,normal
25.94,0,0,28.06,0,0,adfa_ld,normal
16.28,0,0,-0.13,0,0,adfa_ld,normal
9.75,0,0,-3.21,0,0,adfa_ld,normal
9.56,0,0,1.67,0,0,adfa_ld,normal
16.97,0,0,1.92,0,0,adfa_ld,normal
33.31,0,0,30.87,0,0,adfa_ld,normal
25.18,0,0,-23.14,0,0,adfa_ld,normal
12.01,2,0,1.15,4,3,adfa_ld,process_injection
16.44,2,0,2.32,5,4,adfa_ld,reverse_shell
8.81,0,0,-15.13,0,0,adfa_ld,normal
10.38,0,0,0.94,0,0,adfa_ld,normal
29.76,0,0,0.51,0,0,adfa_ld,normal
12.64,0,0,-2.03,0,0,adfa_ld,normal
24.31,0,0,-0.34,0,0,adfa_ld,normal
24.08,0,0,-0.75,0,0,adfa_ld,normal
9.43,0,0,1.53,0,0,adfa_ld,normal
12.21,0,0,0.14,0,0,adfa_ld,normal
4.7,0,0,-5.27,0,0,adfa_ld,normal
22.2,2,0,-0.13,4,3,adfa_ld,process_injection
4.7,0,0,-5.27,0,0,adfa_ld,normal
33.46,0,0,4.44,0,0,adfa_ld,normal
4.7,0,0,-5.27,0,0,adfa_ld,normal
24.22,0,0,2.83,0,0,adfa_ld,normal
22.34,0,0,-26.71,0,0,adfa_ld,normal
13.46,0,0,-5.58,0,0,adfa_ld,normal
9.81,0,0,-2.57,0,0,adfa_ld,normal
11.85,0,0,0.13,0,0,adfa_ld,normal
12.58,2,0,0.82,5,4,adfa_ld,reverse_shell
85.89,0,0,-12.93,0,0,adfa_ld,normal
75.1,0,0,-0.33,0,0,adfa_ld,normal
21.03,0,0,10.86,0,0,adfa_ld,normal
31.45,2,0,0.08,5,4,adfa_ld,reverse_shell
15.83,0,0,5.59,0,0,adfa_ld,normal
8.64,0,0,1.42,0,0,adfa_ld,normal
10.1,0,0,5.19,0,0,adfa_ld,normal
10.56,0,0,0.11,0,0,adfa_ld,normal
23.67,0,0,3.1,0,0,adfa_ld,normal
30.82,0,0,14.33,0,0,adfa_ld,normal
11.04,0,0,0.67,0,0,adfa_ld,normal
4.7,0,0,-5.27,0,0,adfa_ld,normal
9.56,0,0,1.67,0,0,adfa_ld,normal
18.31,2,1,13.73,3,3,adfa_ld,privilege_escalation
69.73,0,0,11.9,0,0,adfa_ld,normal
12.97,0,0,-0.0,0,0,adfa_ld,normal
10.1,0,0,0.63,0,0,adfa_ld,normal
4.7,0,0,-5.27,0,0,adfa_ld,normal
29.38,0,0,7.02,0,0,adfa_ld,normal
28.32,0,0,1.68,0,0,adfa_ld,normal
33.97,0,0,16.45,0,0,adfa_ld,normal
6.85,0,0,0.01,0,0,adfa_ld,normal
14.27,0,0,0.0,0,0,adfa_ld,normal
9.95,0,0,2.32,0,0,adfa_ld,normal
30.04,0,0,39.32,0,0,adfa_ld,normal
15.51,0,0,-10.2,0,0,adfa_ld,normal
13.93,1,0,-0.2,2,2,adfa_ld,lateral_movement
35.55,0,0,-0.05,0,0,adfa_ld,normal
4.7,0,0,-5.27,0,0,adfa_ld,normal
4.7,0,0,-5.27,0,0,adfa_ld,normal
37.27,0,0,0.27,0,0,adfa_ld,normal
8.22,0,0,5.89,0,0,adfa_ld,normal
4.7,0,0,-5.27,0,0,adfa_ld,normal
4.7,0,0,-5.13,0,0,adfa_ld,normal
37.31,0,0,4.47,0,0,adfa_ld,normal
4.7,0,0,-5.27,0,0,adfa_ld,normal
10.38,0,0,0.94,0,0,adfa_ld,normal
15.9,0,0,-3.73,0,0,adfa_ld,normal
26.64,0,0,1.13,0,0,adfa_ld,normal
9.24,0,0,-1.72,0,0,adfa_ld,normal
3.89,0,0,8.63,0,0,adfa_ld,normal
4.7,0,0,-5.27,0,0,adfa_ld,normal
6.18,0,0,-2.32,0,0,adfa_ld,normal
13.84,1,0,-0.97,1,1,adfa_ld,credential_access
4.7,0,0,-5.27,0,0,adfa_ld,normal
22.87,0,0,1.48,0,0,adfa_ld,normal
14.03,2,0,-0.78,5,4,adfa_ld,reverse_shell
4.7,0,0,-5.27,0,0,adfa_ld,normal
12.12,1,0,3.14,2,2,adfa_ld,lateral_movement
14.61,2,0,-0.56,5,4,adfa_ld,reverse_shell
4.7,0,0,-5.27,0,0,adfa_ld,normal
47.81,1,0,-0.17,2,2,adfa_ld,lateral_movement
18.06,0,0,2.98,0,0,adfa_ld,normal
9.91,0,0,5.37,0,0,adfa_ld,normal
27.59,0,0,-0.5,0,0,adfa_ld,normal
6.17,0,0,10.77,0,0,adfa_ld,normal
28.95,0,0,1.78,0,0,adfa_ld,normal
10.14,0,0,-0.27,0,0,adfa_ld,normal
15.93,0,0,0.87,0,0,adfa_ld,normal
12.18,0,0,3.59,0,0,adfa_ld,normal
4.7,0,0,4.82,0,0,adfa_ld,normal
11.11,2,1,1.04,3,3,adfa_ld,privilege_escalation
4.7,0,0,-5.27,0,0,adfa_ld,normal
8.74,0,0,0.67,0,0,adfa_ld,normal
12.57,0,0,-18.16,0,0,adfa_ld,normal
4.83,0,0,1.69,0,0,adfa_ld,normal
9.06,0,0,8.47,0,0,adfa_ld,normal
27.08,0,0,31.54,0,0,adfa_ld,normal
23.59,0,0,28.65,0,0,adfa_ld,normal
21.06,0,0,-6.59,0,0,adfa_ld,normal
10.43,0,0,-1.41,0,0,adfa_ld,normal
27.7,0,0,0.18,0,0,adfa_ld,normal
4.7,0,0,-5.27,0,0,adfa_ld,normal
7.06,0,0,-7.37,0,0,adfa_ld,normal
9.6,0,0,-0.4,0,0,adfa_ld,normal
4.92,0,0,1.89,0,0,adfa_ld,normal
46.34,0,0,0.69,0,0,adfa_ld,normal
8.7,0,0,0.71,0,0,adfa_ld,normal
7.16,0,0,2.59,0,0,adfa_ld,normal
4.7,0,0,-5.27,0,0,adfa_ld,normal
11.58,2,0,1.44,5,4,adfa_ld,reverse_shell
15.14,0,0,-0.13,0,0,adfa_ld,normal
4.7,0,0,-5.27,0,0,adfa_ld,normal
4.7,0,0,-5.27,0,0,adfa_ld,normal
4.7,0,0,-5.27,0,0,adfa_ld,normal
23.09,0,0,24.56,0,0,adfa_ld,normal
4.7,0,0,-5.27,0,0,adfa_ld,normal
8.69,0,0,7.63,0,0,adfa_ld,normal
10.88,0,0,3.38,0,0,adfa_ld,normal
4.7,0,0,-5.27,0,0,adfa_ld,normal
5.35,0,0,1.22,0,0,adfa_ld,normal
4.7,0,0,-5.27,0,0,adfa_ld,normal
29.17,0,0,-2.51,0,0,adfa_ld,normal
15.08,2,0,-0.35,5,4,adfa_ld,reverse_shell
9.76,2,0,-2.13,4,3,adfa_ld,process_injection
11.61,1,0,-4.44,1,1,adfa_ld,credential_access
33.65,0,0,-0.05,0,0,adfa_ld,normal
11.2,0,0,2.87,0,0,adfa_ld,normal
22.31,0,0,-13.59,0,0,adfa_ld,normal
4.7,0,0,-5.27,0,0,adfa_ld,normal
26.59,0,0,48.91,0,0,adfa_ld,normal
29.8,0,0,45.96,0,0,adfa_ld,normal
11.74,0,0,5.92,0,0,adfa_ld,normal
10.3,1,0,-1.05,2,2,adfa_ld,lateral_movement
24.94,0,0,-0.64,0,0,adfa_ld,normal
28.77,2,1,0.21,3,3,adfa_ld,privilege_escalation
7.99,0,0,5.83,0,0,adfa_ld,normal
20.3,2,0,0.77,4,3,adfa_ld,process_injection
8.01,0,0,1.81,0,0,adfa_ld,normal
6.57,0,0,-0.77,0,0,adfa_ld,normal
4.7,0,0,-5.27,0,0,adfa_ld,normal
10.13,0,0,-16.85,0,0,adfa_ld,normal
22.01,2,0,-0.57,5,4,adfa_ld,reverse_shell
4.7,0,0,-5.27,0,0,adfa_ld,normal
23.63,2,0,0.23,5,4,adfa_ld,reverse_shell
11.23,0,0,0.04,0,0,adfa_ld,normal
13.68,0,0,1.84,0,0,adfa_ld,normal
4.33,0,0,-2.01,0,0,adfa_ld,normal
13.48,0,0,2.23,0,0,adfa_ld,normal
6.72,0,0,2.44,0,0,adfa_ld,normal
24.85,0,0,13.1,0,0,adfa_ld,normal
22.79,0,0,3.55,0,0,adfa_ld,normal
5.11,0,0,-3.52,0,0,adfa_ld,normal
21.63,2,0,-0.41,5,4,adfa_ld,reverse_shell
18.46,0,0,0.0,0,0,local_machine,normal
19.86,0,0,19.27,0,0,adfa_ld,normal
4.7,0,0,-5.27,0,0,adfa_ld,normal
8.5,0,0,5.4,0,0,adfa_ld,normal
20.37,0,0,0.1,0,0,adfa_ld,normal
14.46,0,0,-0.34,0,0,adfa_ld,normal
7.48,0,0,4.35,0,0,adfa_ld,normal
32.79,0,0,2.95,0,0,adfa_ld,normal
58.84,0,0,1.44,0,0,adfa_ld,normal
9.24,0,0,-3.5,0,0,adfa_ld,normal
6.24,1,0,-5.75,2,2,adfa_ld,lateral_movement
4.7,0,0,-5.27,0,0,adfa_ld,normal
31.83,0,0,17.08,0,0,adfa_ld,normal
10.61,2,1,-0.07,3,3,adfa_ld,privilege_escalation
31.34,0,0,-22.36,0,0,adfa_ld,normal
13.26,0,0,0.84,0,0,adfa_ld,normal
14.15,0,0,-9.34,0,0,adfa_ld,normal
6.46,0,0,3.73,0,0,adfa_ld,normal
8.84,0,0,0.03,0,0,adfa_ld,normal
19.97,0,0,-1.98,0,0,adfa_ld,normal
8.06,0,0,-2.13,0,0,adfa_ld,normal
5.61,0,0,-7.5,0,0,adfa_ld,normal
7.47,0,0,-3.41,0,0,adfa_ld,normal
9.56,0,0,2.06,0,0,adfa_ld,normal
4.7,0,0,-5.27,0,0,adfa_ld,normal
27.66,0,0,-1.03,0,0,adfa_ld,normal
4.7,0,0,-5.27,0,0,adfa_ld,normal
4.7,0,0,-5.27,0,0,adfa_ld,normal
16.98,1,0,0.19,2,2,adfa_ld,lateral_movement
22.18,1,0,-0.61,2,2,adfa_ld,lateral_movement
34.57,0,0,-18.72,0,0,adfa_ld,normal
14.59,0,0,3.82,0,0,adfa_ld,normal
12.07,0,0,0.43,0,0,adfa_ld,normal
4.76,0,0,5.79,0,0,adfa_ld,normal
31.42,0,0,1.7,0,0,adfa_ld,normal
24.12,0,0,0.07,0,0,adfa_ld,normal
8.5,0,0,-0.36,0,0,adfa_ld,normal
32.23,2,0,-0.89,5,4,adfa_ld,reverse_shell
7.01,0,0,2.38,0,0,adfa_ld,normal
8.86,0,0,-0.83,0,0,adfa_ld,normal
25.78,0,0,33.93,0,0,adfa_ld,normal
11.2,1,0,0.07,1,1,adfa_ld,credential_access
22.87,0,0,1.48,0,0,adfa_ld,normal
4.7,0,0,-5.27,0,0,adfa_ld,normal
11.01,0,0,6.68,0,0,adfa_ld,normal
4.7,0,0,-5.27,0,0,adfa_ld,normal
38.67,2,0,0.23,5,4,adfa_ld,reverse_shell
11.99,0,0,-2.57,0,0,adfa_ld,normal
27.22,0,0,2.75,0,0,adfa_ld,normal
14.05,0,0,-3.88,0,0,adfa_ld,normal
26.91,1,0,0.08,2,2,adfa_ld,lateral_movement
11.12,0,0,1.56,0,0,adfa_ld,normal
9.04,0,0,-1.3,0,0,adfa_ld,normal
6.23,0,0,-2.39,0,0,adfa_ld,normal
30.04,0,0,36.39,0,0,adfa_ld,normal
8.22,0,0,5.89,0,0,adfa_ld,normal
9.56,0,0,1.67,0,0,adfa_ld,normal
13.86,0,0,5.99,0,0,adfa_ld,normal
15.15,1,0,9.94,2,2,adfa_ld,lateral_movement
7.32,0,0,-4.27,0,0,adfa_ld,normal
7.34,0,0,-0.02,0,0,adfa_ld,normal
14.54,2,0,0.01,4,3,adfa_ld,process_injection
19.09,0,0,0.27,0,0,adfa_ld,normal
8.3,0,0,2.91,0,0,adfa_ld,normal
6.61,0,0,-2.72,0,0,adfa_ld,normal
31.63,0,0,1.79,0,0,adfa_ld,normal
12.4,0,0,-14.53,0,0,adfa_ld,normal
15.9,0,0,-3.73,0,0,adfa_ld,normal
10.56,0,0,0.11,0,0,adfa_ld,normal
9.32,0,0,1.52,0,0,adfa_ld,normal
11.03,0,0,0.14,0,0,adfa_ld,normal
8.71,0,0,2.7,0,0,adfa_ld,normal
9.51,0,0,1.93,0,0,adfa_ld,normal
6.72,0,0,2.44,0,0,adfa_ld,normal
11.82,2,0,0.07,5,4,adfa_ld,reverse_shell
4.7,0,0,-5.27,0,0,adfa_ld,normal
17.82,0,0,-12.03,0,0,adfa_ld,normal
23.59,0,0,28.65,0,0,adfa_ld,normal
13.33,0,0,-5.96,0,0,adfa_ld,normal
4.7,0,0,-5.27,0,0,adfa_ld,normal
8.68,0,0,6.1,0,0,adfa_ld,normal
11.37,1,0,17.06,1,1,adfa_ld,credential_access
13.34,2,1,0.27,3,3,adfa_ld,privilege_escalation
5.11,0,0,-3.52,0,0,adfa_ld,normal
43.52,0,0,1.12,0,0,adfa_ld,normal
8.36,0,0,2.19,0,0,adfa_ld,normal
8.28,0,0,1.81,0,0,adfa_ld,normal
10.1,0,0,9.92,0,0,adfa_ld,normal
4.7,0,0,-5.27,0,0,adfa_ld,normal
4.7,0,0,-5.27,0,0,adfa_ld,normal
9.56,0,0,1.67,0,0,adfa_ld,normal
4.58,0,0,0.37,0,0,adfa_ld,normal
22.94,0,0,30.41,0,0,adfa_ld,normal
13.64,0,0,-10.44,0,0,adfa_ld,normal
25.7,0,0,28.29,0,0,adfa_ld,normal
14.07,0,0,0.27,0,0,adfa_ld,normal
6.52,0,0,-4.28,0,0,adfa_ld,normal
10.99,0,0,-13.62,0,0,adfa_ld,normal
4.7,0,0,-5.27,0,0,adfa_ld,normal
4.7,0,0,-5.27,0,0,adfa_ld,normal
4.7,0,0,-5.27,0,0,adfa_ld,normal
12.95,0,0,20.81,0,0,adfa_ld,normal
13.52,1,0,0.0,2,2,adfa_ld,lateral_movement
4.7,0,0,-5.27,0,0,adfa_ld,normal
11.23,0,0,0.98,0,0,adfa_ld,normal
4.7,0,0,-5.27,0,0,adfa_ld,normal
4.7,0,0,-5.27,0,0,adfa_ld,normal
14.05,2,0,1.43,5,4,adfa_ld,reverse_shell
4.7,0,0,-5.27,0,0,adfa_ld,normal
24.49,0,0,25.77,0,0,adfa_ld,normal
7.7,0,0,-4.12,0,0,adfa_ld,normal
15.86,0,0,0.2,0,0,adfa_ld,normal
12.37,0,0,1.08,0,0,adfa_ld,normal
16.12,0,0,9.09,0,0,adfa_ld,normal
4.7,0,0,-5.27,0,0,adfa_ld,normal
15.69,0,0,-4.13,0,0,adfa_ld,normal
16.02,0,0,-17.52,0,0,adfa_ld,normal
8.25,2,0,-1.16,5,4,adfa_ld,reverse_shell
100.0,0,0,-65.41,0,0,adfa_ld,normal
27.08,0,0,34.0,0,0,adfa_ld,normal
26.07,0,0,33.55,0,0,adfa_ld,normal
11.47,0,0,-1.43,0,0,adfa_ld,normal
19.33,1,0,-2.41,1,1,adfa_ld,credential_access
11.86,0,0,-6.44,0,0,adfa_ld,normal
16.17,0,0,-0.63,0,0,adfa_ld,normal
11.95,0,0,2.87,0,0,adfa_ld,normal
17.07,2,0,0.0,5,4,adfa_ld,reverse_shell
4.7,0,0,-5.27,0,0,adfa_ld,normal
15.1,2,0,0.54,5,4,adfa_ld,reverse_shell
40.13,0,0,0.55,0,0,adfa_ld,normal
10.16,0,0,-17.18,0,0,adfa_ld,normal
16.31,0,0,8.51,0,0,adfa_ld,normal
10.81,0,0,4.28,0,0,adfa_ld,normal
15.06,0,0,0.0,0,0,adfa_ld,normal
4.7,0,0,-5.27,0,0,adfa_ld,normal
4.7,0,0,-5.27,0,0,adfa_ld,normal
12.7,0,0,-0.07,0,0,adfa_ld,normal
24.49,0,0,25.77,0,0,adfa_ld,normal
14.93,0,0,-0.08,0,0,adfa_ld,normal
26.45,0,0,0.06,0,0,adfa_ld,normal
13.46,0,0,-5.58,0,0,adfa_ld,normal
32.23,0,0,0.57,0,0,adfa_ld,normal
4.7,0,0,-5.27,0,0,adfa_ld,normal
20.52,0,0,-15.12,0,0,adfa_ld,normal
22.39,0,0,4.75,0,0,adfa_ld,normal
4.7,0,0,-5.27,0,0,adfa_ld,normal
10.62,1,0,-4.65,1,1,adfa_ld,credential_access
9.6,0,0,-1.76,0,0,adfa_ld,normal
4.7,0,0,-5.27,0,0,adfa_ld,normal
4.7,0,0,-5.27,0,0,adfa_ld,normal
14.62,0,0,0.27,0,0,local_machine,normal
4.7,0,0,-5.27,0,0,adfa_ld,normal
9.89,0,0,-1.82,0,0,adfa_ld,normal
7.34,0,0,-1.27,0,0,adfa_ld,normal
22.5,0,0,0.25,0,0,adfa_ld,normal
4.13,0,0,0.75,0,0,adfa_ld,normal
23.84,0,0,-2.93,0,0,adfa_ld,normal
39.69,0,0,0.85,0,0,adfa_ld,normal
12.84,0,0,0.22,0,0,adfa_ld,normal
22.07,0,0,-27.09,0,0,adfa_ld,normal
13.75,0,0,-0.07,0,0,adfa_ld,normal
19.53,0,0,0.29,0,0,adfa_ld,normal
22.37,0,0,27.66,0,0,adfa_ld,normal
9.07,0,0,4.35,0,0,adfa_ld,normal
11.12,0,0,1.56,0,0,adfa_ld,normal
24.03,0,0,3.27,0,0,adfa_ld,normal
44.45,0,0,0.65,0,0,adfa_ld,normal
47.1,0,0,4.1,0,0,adfa_ld,normal
25.95,0,0,43.03,0,0,adfa_ld,normal
4.7,0,0,-5.27,0,0,adfa_ld,normal
4.7,0,0,-2.91,0,0,adfa_ld,normal
11.51,2,1,-0.13,3,3,adfa_ld,privilege_escalation
4.7,0,0,-5.27,0,0,adfa_ld,normal
4.7,0,0,-5.27,0,0,adfa_ld,normal
4.7,0,0,5.74,0,0,adfa_ld,normal
28.1,0,0,1.29,0,0,adfa_ld,normal
4.7,0,0,-5.27,0,0,adfa_ld,normal
4.7,0,0,-5.27,0,0,adfa_ld,normal
15.09,2,1,-0.03,3,3,adfa_ld,privilege_escalation
15.09,0,0,-6.8,0,0,adfa_ld,normal
21.74,0,0,-5.59,0,0,adfa_ld,normal
4.7,0,0,-5.27,0,0,adfa_ld,normal
28.5,0,0,15.33,0,0,adfa_ld,normal
4.7,0,0,-5.27,0,0,adfa_ld,normal
4.7,0,0,-5.27,0,0,adfa_ld,normal
14.13,0,0,0.15,0,0,adfa_ld,normal
4.7,0,0,-5.27,0,0,adfa_ld,normal
7.32,0,0,-5.4,0,0,adfa_ld,normal
12.76,0,0,0.26,0,0,adfa_ld,normal
13.86,0,0,-3.37,0,0,adfa_ld,normal
4.7,0,0,-5.27,0,0,adfa_ld,normal
4.7,0,0,-5.27,0,0,adfa_ld,normal
9.28,0,0,-0.41,0,0,adfa_ld,normal
8.81,0,0,7.33,0,0,adfa_ld,normal
26.74,0,0,-3.31,0,0,adfa_ld,normal
24.98,0,0,24.19,0,0,adfa_ld,normal
12.02,0,0,-7.14,0,0,adfa_ld,normal
12.02,0,0,6.56,0,0,adfa_ld,normal
15.65,0,0,15.42,0,0,adfa_ld,normal
5.72,0,0,2.86,0,0,adfa_ld,normal
10.33,0,0,-10.95,0,0,adfa_ld,normal
4.7,0,0,-5.27,0,0,adfa_ld,normal
27.33,0,0,24.71,0,0,adfa_ld,normal
18.07,0,0,0.14,0,0,adfa_ld,normal
4.7,0,0,-5.27,0,0,adfa_ld,normal
14.78,1,0,0.54,1,1,adfa_ld,credential_access
24.1,0,0,16.01,0,0,adfa_ld,normal
8.56,0,0,-3.03,0,0,adfa_ld,normal
10.74,0,0,4.98,0,0,adfa_ld,normal
15.37,0,0,-0.29,0,0,adfa_ld,normal
4.7,0,0,-5.27,0,0,adfa_ld,normal
11.46,0,0,-0.13,0,0,adfa_ld,normal
25.78,0,0,33.93,0,0,adfa_ld,normal
19.86,0,0,19.27,0,0,adfa_ld,normal
4.7,0,0,-5.27,0,0,adfa_ld,normal
32.15,0,0,-24.39,0,0,adfa_ld,normal
50.35,0,0,1.07,0,0,adfa_ld,normal
12.12,0,0,-0.2,0,0,adfa_ld,normal
10.22,0,0,1.34,0,0,adfa_ld,normal
14.66,2,1,16.05,3,3,adfa_ld,privilege_escalation
18.36,0,0,0.13,0,0,adfa_ld,normal
23.21,0,0,-0.49,0,0,adfa_ld,normal
61.22,0,0,-15.5,0,0,adfa_ld,normal
10.21,0,0,4.97,0,0,adfa_ld,normal
29.18,0,0,-14.81,0,0,adfa_ld,normal
4.7,0,0,-5.27,0,0,adfa_ld,normal
11.52,0,0,3.23,0,0,adfa_ld,normal
4.76,0,0,5.79,0,0,adfa_ld,normal
12.25,0,0,-1.83,0,0,adfa_ld,normal
4.7,0,0,-5.27,0,0,adfa_ld,normal
12.7,0,0,12.07,0,0,adfa_ld,normal
22.34,0,0,-26.71,0,0,adfa_ld,normal
19.93,0,0,-2.26,0,0,adfa_ld,normal
5.38,0,0,-4.84,0,0,adfa_ld,normal
9.82,0,0,-1.38,0,0,adfa_ld,normal
7.06,0,0,1.73,0,0,adfa_ld,normal
18.99,0,0,0.0,0,0,adfa_ld,normal
6.77,0,0,2.54,0,0,adfa_ld,normal
17.7,0,0,-0.59,0,0,adfa_ld,normal
7.59,0,0,2.13,0,0,adfa_ld,normal
4.7,0,0,-5.27,0,0,adfa_ld,normal
6.72,0,0,2.44,0,0,adfa_ld,normal
7.08,0,0,2.41,0,0,adfa_ld,normal
2.68,0,0,-4.58,0,0,adfa_ld,normal
52.3,0,0,0.71,0,0,adfa_ld,normal
8.16,0,0,-5.82,0,0,adfa_ld,normal
13.39,0,0,-1.46,0,0,adfa_ld,normal
22.05,0,0,14.55,0,0,adfa_ld,normal
4.7,0,0,-5.27,0,0,adfa_ld,normal
6.01,1,0,0.0,2,2,adfa_ld,lateral_movement
4.7,0,0,-5.27,0,0,adfa_ld,normal
8.87,0,0,-5.7,0,0,adfa_ld,normal
5.11,0,0,-3.52,0,0,adfa_ld,normal
7.99,0,0,5.83,0,0,adfa_ld,normal
8.12,0,0,5.51,0,0,adfa_ld,normal
40.08,0,0,-0.13,0,0,adfa_ld,normal
7.36,0,0,12.1,0,0,adfa_ld,normal
26.09,0,0,3.13,0,0,adfa_ld,normal
15.6,1,0,-12.65,2,2,adfa_ld,lateral_movement
22.77,0,0,2.61,0,0,adfa_ld,normal
18.71,1,0,-2.18,1,1,adfa_ld,credential_access
17.72,2,1,12.9,3,3,adfa_ld,privilege_escalation
10.01,0,0,0.34,0,0,adfa_ld,normal
31.77,0,0,0.0,0,0,adfa_ld,normal
11.04,0,0,7.54,0,0,adfa_ld,normal
7.04,0,0,-6.75,0,0,adfa_ld,normal
23.48,0,0,2.67,0,0,adfa_ld,normal
13.86,0,0,-3.37,0,0,adfa_ld,normal
13.48,0,0,0.82,0,0,adfa_ld,normal
9.61,0,0,1.1,0,0,adfa_ld,normal
15.04,2,0,-0.54,5,4,adfa_ld,reverse_shell
22.15,0,0,12.72,0,0,adfa_ld,normal
21.94,0,0,-5.44,0,0,adfa_ld,normal
4.7,0,0,-5.27,0,0,adfa_ld,normal
16.74,2,0,0.48,4,3,adfa_ld,process_injection
13.88,0,0,-0.0,0,0,adfa_ld,normal
25.7,0,0,28.29,0,0,adfa_ld,normal
4.7,0,0,-5.27,0,0,adfa_ld,normal
28.48,0,0,-13.44,0,0,adfa_ld,normal
14.67,2,0,0.14,5,4,adfa_ld,reverse_shell
4.7,0,0,-5.27,0,0,adfa_ld,normal
9.88,0,0,3.46,0,0,adfa_ld,normal
15.9,0,0,-3.73,0,0,adfa_ld,normal
10.75,2,0,1.49,5,4,adfa_ld,reverse_shell
4.7,0,0,-5.27,0,0,adfa_ld,normal
4.7,0,0,-5.27,0,0,adfa_ld,normal
4.7,0,0,-5.27,0,0,adfa_ld,normal
14.49,1,0,9.72,1,1,adfa_ld,credential_access
11.99,0,0,0.21,0,0,adfa_ld,normal
14.84,0,0,-0.96,0,0,adfa_ld,normal
4.7,0,0,-5.27,0,0,adfa_ld,normal
28.35,0,0,3.45,0,0,adfa_ld,normal
7.22,0,0,10.66,0,0,adfa_ld,normal
20.28,0,0,0.19,0,0,adfa_ld,normal
12.42,0,0,0.91,0,0,adfa_ld,normal
16.97,0,0,1.92,0,0,adfa_ld,normal
7.36,0,0,12.1,0,0,adfa_ld,normal
7.08,0,0,16.22,0,0,adfa_ld,normal
17.26,0,0,1.42,0,0,adfa_ld,normal
6.72,0,0,2.44,0,0,adfa_ld,normal
10.96,0,0,-17.24,0,0,adfa_ld,normal
25.78,0,0,33.93,0,0,adfa_ld,normal
7.86,0,0,-6.63,0,0,adfa_ld,normal
46.52,0,0,1.3,0,0,adfa_ld,normal
16.97,0,0,1.92,0,0,adfa_ld,normal
4.7,0,0,-5.27,0,0,adfa_ld,normal
4.7,0,0,-5.27,0,0,adfa_ld,normal
5.26,0,0,4.8,0,0,adfa_ld,normal
10.89,0,0,0.0,0,0,adfa_ld,normal
10.0,0,0,-2.0,0,0,adfa_ld,normal
9.86,0,0,0.82,0,0,adfa_ld,normal
4.7,0,0,-5.27,0,0,adfa_ld,normal
16.67,2,0,-0.11,4,3,adfa_ld,process_injection
12.97,0,0,5.93,0,0,adfa_ld,normal
8.45,0,0,-1.54,0,0,adfa_ld,normal
9.53,0,0,1.8,0,0,adfa_ld,normal
44.86,0,0,0.67,0,0,adfa_ld,normal
6.94,0,0,-2.13,0,0,adfa_ld,normal
9.51,0,0,8.89,0,0,adfa_ld,normal
40.68,0,0,0.48,0,0,adfa_ld,normal
9.97,0,0,6.05,0,0,adfa_ld,normal
4.7,0,0,-5.27,0,0,adfa_ld,normal
13.82,0,0,-3.83,0,0,adfa_ld,normal
13.75,0,0,2.73,0,0,adfa_ld,normal
12.48,0,0,5.66,0,0,adfa_ld,normal
4.89,0,0,1.81,0,0,adfa_ld,normal
4.7,0,0,-5.27,0,0,adfa_ld,normal
29.42,0,0,0.0,0,0,adfa_ld,normal
14.41,0,0,-20.8,0,0,adfa_ld,normal
8.94,0,0,-1.35,0,0,adfa_ld,normal
73.27,0,0,0.43,0,0,adfa_ld,normal
9.57,0,0,-4.5,0,0,adfa_ld,normal
5.35,0,0,-1.85,0,0,adfa_ld,normal
10.52,0,0,6.41,0,0,adfa_ld,normal
14.28,0,0,-0.01,0,0,adfa_ld,normal
16.69,2,0,-0.26,4,3,adfa_ld,process_injection
4.7,0,0,-5.27,0,0,adfa_ld,normal
8.61,0,0,-0.21,0,0,adfa_ld,normal
2.16,0,0,6.34,0,0,adfa_ld,normal
32.0,0,0,0.17,0,0,adfa_ld,normal
15.37,1,0,-4.31,2,2,adfa_ld,lateral_movement
21.36,0,0,20.17,0,0,adfa_ld,normal
4.82,0,0,1.0,0,0,adfa_ld,normal
7.16,0,0,-6.19,0,0,adfa_ld,normal
4.7,0,0,-5.27,0,0,adfa_ld,normal
4.7,0,0,-5.27,0,0,adfa_ld,normal
8.82,0,0,5.66,0,0,adfa_ld,normal
25.25,0,0,17.21,0,0,adfa_ld,normal
4.7,0,0,-5.27,0,0,adfa_ld,normal
10.52,2,1,-3.41,3,3,adfa_ld,privilege_escalation
16.0,0,0,-8.77,0,0,adfa_ld,normal
10.13,0,0,-16.85,0,0,adfa_ld,normal
24.86,0,0,-0.48,0,0,adfa_ld,normal
14.35,0,0,-0.89,0,0,adfa_ld,normal
15.57,0,0,-18.1,0,0,adfa_ld,normal
4.7,0,0,-5.27,0,0,adfa_ld,normal
11.1,0,0,1.52,0,0,adfa_ld,normal
15.99,0,0,0.2,0,0,adfa_ld,normal
4.7,0,0,-5.27,0,0,adfa_ld,normal
9.79,0,0,1.05,0,0,adfa_ld,normal
5.95,0,0,-9.65,0,0,adfa_ld,normal
15.63,0,0,-1.23,0,0,adfa_ld,normal
29.6,0,0,0.07,0,0,adfa_ld,normal
7.42,2,0,0.15,4,3,adfa_ld,process_injection
4.7,0,0,-5.27,0,0,adfa_ld,normal
23.09,0,0,24.56,0,0,adfa_ld,normal
4.7,0,0,-5.27,0,0,adfa_ld,normal
7.72,0,0,-8.25,0,0,adfa_ld,normal
4.7,0,0,-5.27,0,0,adfa_ld,normal
4.7,0,0,6.35,0,0,adfa_ld,normal
9.02,0,0,-3.0,0,0,adfa_ld,normal
4.7,0,0,-5.27,0,0,adfa_ld,normal
25.18,0,0,-0.27,0,0,adfa_ld,normal
19.24,0,0,8.32,0,0,adfa_ld,normal
13.61,0,0,-2.43,0,0,adfa_ld,normal
4.7,0,0,-5.27,0,0,adfa_ld,normal
30.82,0,0,14.33,0,0,adfa_ld,normal
10.76,0,0,-4.22,0,0,adfa_ld,normal
50.87,0,0,-1.23,0,0,adfa_ld,normal
27.08,0,0,34.0,0,0,adfa_ld,normal
85.64,0,0,2.94,0,0,adfa_ld,normal
29.12,0,0,-2.73,0,0,adfa_ld,normal
9.45,0,0,1.54,0,0,adfa_ld,normal
4.7,0,0,-5.27,0,0,adfa_ld,normal
11.53,1,0,-0.7,1,1,adfa_ld,credential_access
4.7,0,0,-5.27,0,0,adfa_ld,normal
11.46,0,0,0.76,0,0,adfa_ld,normal
1.59,0,0,6.29,0,0,adfa_ld,normal
14.11,2,1,0.36,3,3,adfa_ld,privilege_escalation
22.37,0,0,27.66,0,0,adfa_ld,normal
14.41,0,0,-0.25,0,0,adfa_ld,normal
22.62,2,0,3.9,5,4,adfa_ld,reverse_shell
6.42,0,0,6.09,0,0,adfa_ld,normal
22.24,0,0,21.64,0,0,adfa_ld,normal
28.89,0,0,-8.67,0,0,adfa_ld,normal
5.03,0,0,-3.8,0,0,adfa_ld,normal
20.1,0,0,0.53,0,0,adfa_ld,normal
4.7,0,0,-5.27,0,0,adfa_ld,normal
31.45,1,0,-0.19,2,2,adfa_ld,lateral_movement
9.56,0,0,1.67,0,0,adfa_ld,normal
21.42,0,0,5.47,0,0,adfa_ld,normal
14.72,0,0,2.03,0,0,adfa_ld,normal
12.13,2,0,-0.35,4,3,adfa_ld,process_injection
22.71,2,0,0.19,4,3,adfa_ld,process_injection
16.92,0,0,0.43,0,0,local_machine,normal
40.62,0,0,0.32,0,0,adfa_ld,normal
4.7,0,0,-5.27,0,0,adfa_ld,normal
13.85,0,0,0.0,0,0,adfa_ld,normal
13.12,0,0,2.74,0,0,adfa_ld,normal
48.73,0,0,0.05,0,0,adfa_ld,normal
22.37,0,0,27.66,0,0,adfa_ld,normal
19.97,0,0,-1.98,0,0,adfa_ld,normal
45.78,0,0,1.42,0,0,adfa_ld,normal
8.83,0,0,-0.32,0,0,adfa_ld,normal
8.78,0,0,-7.56,0,0,adfa_ld,normal
8.79,0,0,-2.79,0,0,adfa_ld,normal
11.47,1,0,17.13,1,1,adfa_ld,credential_access
13.51,2,0,0.0,5,4,adfa_ld,reverse_shell
61.47,0,0,1.43,0,0,adfa_ld,normal
4.7,0,0,-5.27,0,0,adfa_ld,normal
12.27,0,0,0.47,0,0,adfa_ld,normal
11.69,0,0,-1.68,0,0,adfa_ld,normal
27.63,0,0,-0.54,0,0,adfa_ld,normal
25.78,0,0,33.93,0,0,adfa_ld,normal
27.46,0,0,1.64,0,0,adfa_ld,normal
27.08,0,0,34.0,0,0,adfa_ld,normal
4.7,0,0,-5.27,0,0,adfa_ld,normal
11.69,0,0,5.37,0,0,adfa_ld,normal
20.41,0,0,17.05,0,0,adfa_ld,normal
11.35,0,0,0.74,0,0,adfa_ld,normal
7.97,0,0,2.15,0,0,adfa_ld,normal
25.78,0,0,-9.47,0,0,adfa_ld,normal
4.7,0,0,-5.27,0,0,adfa_ld,normal
10.48,0,0,3.38,0,0,adfa_ld,normal
14.59,0,0,1.91,0,0,adfa_ld,normal
12.37,0,0,1.63,0,0,adfa_ld,normal
33.86,0,0,18.77,0,0,adfa_ld,normal
10.49,0,0,0.01,0,0,adfa_ld,normal
9.25,0,0,-1.07,0,0,adfa_ld,normal
4.7,0,0,-5.27,0,0,adfa_ld,normal
11.54,0,0,-0.49,0,0,adfa_ld,normal
10.38,0,0,0.94,0,0,adfa_ld,normal
12.78,0,0,-1.91,0,0,adfa_ld,normal
12.34,0,0,1.49,0,0,adfa_ld,normal
27.22,0,0,2.75,0,0,adfa_ld,normal
24.94,0,0,23.24,0,0,adfa_ld,normal
7.36,0,0,12.1,0,0,adfa_ld,normal
12.56,0,0,0.07,0,0,adfa_ld,normal
11.09,0,0,0.91,0,0,adfa_ld,normal
20.0,0,0,0.12,0,0,local_machine,normal
10.38,0,0,0.94,0,0,adfa_ld,normal
9.42,0,0,7.87,0,0,adfa_ld,normal
12.57,0,0,1.92,0,0,adfa_ld,normal
4.83,0,0,1.69,0,0,adfa_ld,normal
16.97,0,0,1.92,0,0,adfa_ld,normal
22.66,0,0,1.5,0,0,adfa_ld,normal
25.07,0,0,0.0,0,0,adfa_ld,normal
21.36,2,0,0.0,5,4,adfa_ld,reverse_shell
22.91,2,0,0.94,5,4,adfa_ld,reverse_shell
16.55,0,0,6.84,0,0,adfa_ld,normal
4.7,0,0,-5.27,0,0,adfa_ld,normal
4.7,0,0,-5.27,0,0,adfa_ld,normal
27.08,0,0,34.0,0,0,adfa_ld,normal
4.7,0,0,-5.27,0,0,adfa_ld,normal
77.71,0,0,22.17,0,0,adfa_ld,normal
5.05,0,0,-0.11,0,0,adfa_ld,normal
4.7,0,0,-5.27,0,0,adfa_ld,normal
13.83,1,0,-2.52,1,1,adfa_ld,credential_access
4.7,0,0,-5.27,0,0,adfa_ld,normal
13.46,0,0,-5.58,0,0,adfa_ld,normal
17.72,1,0,-0.35,2,2,adfa_ld,lateral_movement
12.96,0,0,3.19,0,0,adfa_ld,normal
10.88,0,0,3.38,0,0,adfa_ld,normal
15.13,0,0,-4.5,0,0,adfa_ld,normal
4.7,0,0,-5.27,0,0,adfa_ld,normal
8.99,0,0,0.46,0,0,adfa_ld,normal
5.37,0,0,-0.27,0,0,adfa_ld,normal
4.7,0,0,-5.27,0,0,adfa_ld,normal
3.16,0,0,6.53,0,0,adfa_ld,normal
4.7,0,0,-5.27,0,0,adfa_ld,normal
4.7,0,0,-5.27,0,0,adfa_ld,normal
22.41,1,0,-0.12,2,2,adfa_ld,lateral_movement
23.57,0,0,27.77,0,0,adfa_ld,normal
10.04,0,0,0.0,0,0,adfa_ld,normal
4.7,0,0,-5.27,0,0,adfa_ld,normal
27.59,0,0,-1.16,0,0,adfa_ld,normal
14.06,2,0,-0.37,4,3,adfa_ld,process_injection
34.12,0,0,2.47,0,0,adfa_ld,normal
21.95,0,0,0.09,0,0,adfa_ld,normal
4.7,0,0,-5.27,0,0,adfa_ld,normal
10.81,2,0,-4.03,4,3,adfa_ld,process_injection
4.7,0,0,-5.27,0,0,adfa_ld,normal
4.7,0,0,-5.27,0,0,adfa_ld,normal
9.24,0,0,-8.93,0,0,adfa_ld,normal
27.35,0,0,0.26,0,0,adfa_ld,normal
39.92,1,0,-0.05,2,2,adfa_ld,lateral_movement
32.43,0,0,0.02,0,0,adfa_ld,normal
16.7,0,0,-25.79,0,0,adfa_ld,normal
22.24,0,0,21.64,0,0,adfa_ld,normal
11.22,0,0,0.03,0,0,adfa_ld,normal
13.62,1,0,0.52,2,2,adfa_ld,lateral_movement
9.19,0,0,-3.75,0,0,adfa_ld,normal
18.25,2,0,3.02,5,4,adfa_ld,reverse_shell
9.32,0,0,1.52,0,0,adfa_ld,normal
14.72,0,0,-0.16,0,0,adfa_ld,normal
13.09,0,0,13.81,0,0,adfa_ld,normal
23.88,0,0,6.52,0,0,adfa_ld,normal
8.41,0,0,2.76,0,0,adfa_ld,normal
24.85,0,0,13.1,0,0,adfa_ld,normal
13.52,1,0,1.57,2,2,adfa_ld,lateral_movement
4.7,0,0,-5.27,0,0,adfa_ld,normal
15.69,0,0,-20.18,0,0,adfa_ld,normal
11.84,1,0,-0.37,1,1,adfa_ld,credential_access
4.7,0,0,-5.27,0,0,adfa_ld,normal
20.07,0,0,6.46,0,0,adfa_ld,normal
17.26,0,0,-5.84,0,0,adfa_ld,normal
11.58,0,0,-2.4,0,0,adfa_ld,normal
7.37,0,0,3.06,0,0,adfa_ld,normal
16.44,0,0,31.42,0,0,adfa_ld,normal
70.58,0,0,25.75,0,0,adfa_ld,normal
9.32,0,0,1.52,0,0,adfa_ld,normal
8.11,0,0,5.53,0,0,adfa_ld,normal
26.45,0,0,2.55,0,0,adfa_ld,normal
4.7,0,0,-5.27,0,0,adfa_ld,normal
13.7,0,0,12.46,0,0,adfa_ld,normal
12.96,0,0,22.81,0,0,adfa_ld,normal
15.69,0,0,-26.14,0,0,adfa_ld,normal
8.94,0,0,5.64,0,0,adfa_ld,normal
13.52,1,0,0.06,2,2,adfa_ld,lateral_movement
2.98,0,0,-3.67,0,0,adfa_ld,normal
4.7,0,0,-5.27,0,0,adfa_ld,normal
14.34,0,0,-12.21,0,0,adfa_ld,normal
12.17,0,0,0.07,0,0,adfa_ld,normal
4.7,0,0,-5.27,0,0,adfa_ld,normal
8.36,0,0,-1.89,0,0,adfa_ld,normal
2.05,0,0,3.18,0,0,adfa_ld,normal
4.7,0,0,-5.27,0,0,adfa_ld,normal
30.82,0,0,14.33,0,0,adfa_ld,normal
22.77,0,0,3.57,0,0,adfa_ld,normal
11.31,0,0,-0.07,0,0,adfa_ld,normal
11.34,0,0,0.13,0,0,adfa_ld,normal
40.94,0,0,-1.02,0,0,adfa_ld,normal
5.95,0,0,-6.14,0,0,adfa_ld,normal
25.78,0,0,33.93,0,0,adfa_ld,normal
5.96,0,0,3.43,0,0,adfa_ld,normal
4.7,0,0,-5.27,0,0,adfa_ld,normal
11.65,1,0,-2.5,1,1,adfa_ld,credential_access
53.45,0,0,0.45,0,0,adfa_ld,normal
4.7,0,0,-5.27,0,0,adfa_ld,normal
9.19,0,0,-13.74,0,0,adfa_ld,normal
11.18,0,0,1.64,0,0,adfa_ld,normal
30.82,0,0,14.33,0,0,adfa_ld,normal
7.25,2,0,3.12,5,4,adfa_ld,reverse_shell
10.12,0,0,1.33,0,0,adfa_ld,normal
11.72,0,0,10.19,0,0,adfa_ld,normal
4.7,0,0,-5.27,0,0,adfa_ld,normal
21.49,0,0,31.24,0,0,adfa_ld,normal
3.02,0,0,4.17,0,0,adfa_ld,normal
8.73,0,0,1.13,0,0,adfa_ld,normal
22.77,0,0,3.57,0,0,adfa_ld,normal
15.39,0,0,-19.87,0,0,adfa_ld,normal
12.16,0,0,9.03,0,0,adfa_ld,normal
4.7,0,0,-5.27,0,0,adfa_ld,normal
4.7,0,0,-5.27,0,0,adfa_ld,normal
16.21,0,0,3.44,0,0,adfa_ld,normal
16.97,0,0,1.92,0,0,adfa_ld,normal
9.06,0,0,-5.93,0,0,adfa_ld,normal
4.67,0,0,-1.75,0,0,adfa_ld,normal
10.34,0,0,4.03,0,0,adfa_ld,normal
4.7,0,0,-5.27,0,0,adfa_ld,normal
4.7,0,0,-5.27,0,0,adfa_ld,normal
26.57,0,0,0.61,0,0,adfa_ld,normal
13.62,2,0,1.89,5,4,adfa_ld,reverse_shell
11.03,0,0,0.14,0,0,adfa_ld,normal
27.37,0,0,31.16,0,0,adfa_ld,normal
30.04,0,0,39.32,0,0,adfa_ld,normal
15.95,1,0,0.07,2,2,adfa_ld,lateral_movement
4.7,0,0,-5.27,0,0,adfa_ld,normal
6.14,0,0,3.35,0,0,adfa_ld,normal
29.75,0,0,1.71,0,0,adfa_ld,normal
8.54,0,0,1.64,0,0,adfa_ld,normal
13.27,0,0,1.12,0,0,adfa_ld,normal
4.7,0,0,-5.27,0,0,adfa_ld,normal
4.7,0,0,-5.27,0,0,adfa_ld,normal
13.25,0,0,-0.2,0,0,adfa_ld,normal
4.7,0,0,-5.27,0,0,adfa_ld,normal
30.82,0,0,14.33,0,0,adfa_ld,normal
14.0,0,0,0.07,0,0,adfa_ld,normal
13.42,0,0,-0.24,0,0,adfa_ld,normal
29.92,1,0,-0.24,2,2,adfa_ld,lateral_movement
10.85,0,0,1.01,0,0,adfa_ld,normal
22.11,0,0,3.55,0,0,adfa_ld,normal
16.25,0,0,-2.66,0,0,adfa_ld,normal
6.23,0,0,-2.39,0,0,adfa_ld,normal
4.7,0,0,-5.27,0,0,adfa_ld,normal
17.92,2,1,0.04,3,3,adfa_ld,privilege_escalation
13.8,0,0,-0.45,0,0,adfa_ld,normal
7.55,0,0,1.62,0,0,adfa_ld,normal
10.03,0,0,0.6,0,0,adfa_ld,normal
5.03,0,0,-2.46,0,0,adfa_ld,normal
7.76,0,0,-4.73,0,0,adfa_ld,normal
5.31,0,0,2.61,0,0,adfa_ld,normal
17.18,0,0,3.22,0,0,adfa_ld,normal
16.45,0,0,-7.4,0,0,adfa_ld,normal
17.47,0,0,-0.07,0,0,adfa_ld,normal
4.7,0,0,-5.27,0,0,adfa_ld,normal
41.32,1,0,0.02,2,2,adfa_ld,lateral_movement
11.17,1,0,-0.2,1,1,adfa_ld,credential_access
19.09,0,0,0.23,0,0,adfa_ld,normal
18.56,2,0,14.65,5,4,adfa_ld,reverse_shell
9.39,0,0,-8.23,0,0,adfa_ld,normal
16.04,0,0,-12.19,0,0,adfa_ld,normal
11.23,0,0,2.71,0,0,adfa_ld,normal
26.18,0,0,6.33,0,0,adfa_ld,normal
4.7,0,0,-5.27,0,0,adfa_ld,normal
4.7,0,0,-5.27,0,0,adfa_ld,normal
10.58,0,0,1.46,0,0,adfa_ld,normal
18.27,0,0,-0.01,0,0,adfa_ld,normal
47.1,0,0,0.12,0,0,adfa_ld,normal
2.26,0,0,6.21,0,0,adfa_ld,normal
10.13,0,0,12.26,0,0,adfa_ld,normal
44.35,0,0,-0.31,0,0,adfa_ld,normal
4.7,0,0,-5.27,0,0,adfa_ld,normal
35.86,0,0,-0.55,0,0,adfa_ld,normal
8.59,0,0,-5.2,0,0,adfa_ld,normal
16.02,2,0,-1.09,5,4,adfa_ld,reverse_shell
20.47,1,0,12.5,2,2,adfa_ld,lateral_movement
13.23,0,0,0.0,0,0,adfa_ld,normal
27.91,0,0,3.76,0,0,adfa_ld,normal
25.33,0,0,-22.85,0,0,adfa_ld,normal
4.7,0,0,-5.27,0,0,adfa_ld,normal
12.98,2,0,-0.74,4,3,adfa_ld,process_injection
33.2,0,0,1.36,0,0,adfa_ld,normal
25.78,0,0,33.93,0,0,adfa_ld,normal
11.91,1,0,-0.55,2,2,adfa_ld,lateral_movement
11.26,0,0,0.0,0,0,adfa_ld,normal
4.7,0,0,-5.27,0,0,adfa_ld,normal
4.7,0,0,-5.27,0,0,adfa_ld,normal
25.78,0,0,33.93,0,0,adfa_ld,normal
12.61,0,0,2.63,0,0,adfa_ld,normal
7.87,0,0,-1.96,0,0,adfa_ld,normal
10.14,0,0,1.41,0,0,adfa_ld,normal
4.7,0,0,-5.27,0,0,adfa_ld,normal
18.88,0,0,14.37,0,0,adfa_ld,normal
11.57,0,0,2.94,0,0,adfa_ld,normal
84.78,0,0,-10.65,0,0,adfa_ld,normal
4.7,0,0,-5.27,0,0,adfa_ld,normal
16.97,0,0,1.92,0,0,adfa_ld,normal
15.57,0,0,-18.1,0,0,adfa_ld,normal
19.54,0,0,1.13,0,0,adfa_ld,normal
14.04,0,0,18.67,0,0,adfa_ld,normal
2.25,0,0,-2.23,0,0,adfa_ld,normal
25.78,0,0,33.93,0,0,adfa_ld,normal
9.74,0,0,-4.18,0,0,adfa_ld,normal
13.03,0,0,-2.76,0,0,adfa_ld,normal
7.03,0,0,-3.96,0,0,adfa_ld,normal
4.7,0,0,-5.27,0,0,adfa_ld,normal
9.71,0,0,-0.68,0,0,adfa_ld,normal
18.06,0,0,2.98,0,0,adfa_ld,normal
9.53,0,0,-3.81,0,0,adfa_ld,normal
12.48,0,0,13.3,0,0,adfa_ld,normal
22.87,0,0,1.48,0,0,adfa_ld,normal
25.78,0,0,33.93,0,0,adfa_ld,normal
12.64,0,0,-2.03,0,0,adfa_ld,normal
84.32,0,0,-5.11,0,0,adfa_ld,normal
22.84,0,0,17.69,0,0,adfa_ld,normal
4.7,0,0,-5.27,0,0,adfa_ld,normal
27.96,0,0,30.37,0,0,adfa_ld,normal
10.24,0,0,-1.35,0,0,adfa_ld,normal
16.34,1,0,5.33,1,1,adfa_ld,credential_access
5.84,0,0,2.47,0,0,adfa_ld,normal
14.81,0,0,-0.34,0,0,adfa_ld,normal
10.9,0,0,2.44,0,0,adfa_ld,normal
30.04,0,0,39.32,0,0,adfa_ld,normal
43.15,0,0,4.33,0,0,adfa_ld,normal
8.49,0,0,1.25,0,0,adfa_ld,normal
7.09,0,0,-1.0,0,0,adfa_ld,normal
53.51,0,0,28.91,0,0,adfa_ld,normal
22.76,0,0,29.05,0,0,adfa_ld,normal
10.78,0,0,-1.69,0,0,adfa_ld,normal
4.7,0,0,-5.27,0,0,adfa_ld,normal
9.43,0,0,1.08,0,0,adfa_ld,normal
25.78,0,0,33.93,0,0,adfa_ld,normal
10.1,0,0,0.63,0,0,adfa_ld,normal
10.38,0,0,0.94,0,0,adfa_ld,normal
18.07,2,0,0.14,5,4,adfa_ld,reverse_shell
23.69,0,0,5.4,0,0,adfa_ld,normal
24.0,0,0,22.68,0,0,adfa_ld,normal
15.9,0,0,-3.73,0,0,adfa_ld,normal
15.72,0,0,0.28,0,0,adfa_ld,normal
9.58,0,0,-2.67,0,0,adfa_ld,normal
100.0,0,0,5.98,0,0,adfa_ld,normal
9.71,0,0,-0.68,0,0,adfa_ld,normal
11.94,0,0,3.56,0,0,adfa_ld,normal
10.46,0,0,7.45,0,0,adfa_ld,normal
12.1,0,0,0.34,0,0,adfa_ld,normal
13.66,2,0,-0.62,5,4,adfa_ld,reverse_shell
31.02,0,0,0.05,0,0,adfa_ld,normal
4.7,0,0,-5.27,0,0,adfa_ld,normal
53.08,0,0,-1.47,0,0,adfa_ld,normal
15.96,2,0,0.27,5,4,adfa_ld,reverse_shell
4.7,0,0,-5.27,0,0,adfa_ld,normal
4.7,0,0,-5.27,0,0,adfa_ld,normal
11.76,2,0,-1.33,5,4,adfa_ld,reverse_shell
15.69,0,0,0.07,0,0,adfa_ld,normal
21.74,0,0,-1.44,0,0,adfa_ld,normal
14.78,0,0,0.07,0,0,adfa_ld,normal
6.64,0,0,11.74,0,0,adfa_ld,normal
18.06,0,0,2.98,0,0,adfa_ld,normal
9.56,0,0,1.67,0,0,adfa_ld,normal
14.06,1,0,-0.58,2,2,adfa_ld,lateral_movement
13.1,2,0,-0.07,5,4,adfa_ld,reverse_shell
8.69,0,0,7.63,0,0,adfa_ld,normal
4.7,0,0,-5.27,0,0,adfa_ld,normal
13.75,0,0,0.13,0,0,adfa_ld,normal
13.28,0,0,13.51,0,0,adfa_ld,normal
4.28,0,0,4.35,0,0,adfa_ld,normal
7.31,1,0,0.11,1,1,adfa_ld,credential_access
4.37,0,0,-0.24,0,0,adfa_ld,normal
12.31,0,0,-22.64,0,0,adfa_ld,normal
11.83,0,0,1.49,0,0,adfa_ld,normal
13.82,0,0,-13.79,0,0,adfa_ld,normal
4.42,0,0,-4.56,0,0,adfa_ld,normal
25.23,0,0,2.47,0,0,adfa_ld,normal
24.76,1,0,2.72,2,2,adfa_ld,lateral_movement
4.7,0,0,-5.27,0,0,adfa_ld,normal
60.71,0,0,3.12,0,0,adfa_ld,normal
14.87,0,0,-3.38,0,0,adfa_ld,normal
26.4,0,0,0.28,0,0,adfa_ld,normal
4.7,0,0,-5.27,0,0,adfa_ld,normal
21.92,0,0,-0.09,0,0,adfa_ld,normal
22.77,0,0,3.57,0,0,adfa_ld,normal
14.04,0,0,5.55,0,0,adfa_ld,normal
4.7,0,0,-5.27,0,0,adfa_ld,normal
22.48,0,0,-14.9,0,0,adfa_ld,normal
4.7,0,0,-5.27,0,0,adfa_ld,normal
4.7,0,0,-5.27,0,0,adfa_ld,normal
4.7,0,0,-5.27,0,0,adfa_ld,normal
8.76,0,0,0.02,0,0,adfa_ld,normal
4.7,0,0,-5.27,0,0,adfa_ld,normal
8.31,0,0,-5.51,0,0,adfa_ld,normal
4.7,0,0,-5.27,0,0,adfa_ld,normal
4.7,0,0,-5.27,0,0,adfa_ld,normal
16.26,0,0,0.0,0,0,adfa_ld,normal
12.68,0,0,2.65,0,0,adfa_ld,normal
7.61,0,0,-0.02,0,0,adfa_ld,normal
32.17,0,0,22.25,0,0,adfa_ld,normal
4.7,0,0,-5.27,0,0,adfa_ld,normal
22.05,0,0,14.55,0,0,adfa_ld,normal
11.79,0,0,0.49,0,0,adfa_ld,normal
43.6,1,0,0.08,2,2,adfa_ld,lateral_movement
12.07,0,0,1.65,0,0,adfa_ld,normal
11.34,0,0,-13.96,0,0,adfa_ld,normal
4.7,0,0,-5.27,0,0,adfa_ld,normal
4.7,0,0,-5.27,0,0,adfa_ld,normal
22.77,0,0,3.57,0,0,adfa_ld,normal
16.49,0,0,-0.45,0,0,adfa_ld,normal
9.74,0,0,-0.71,0,0,adfa_ld,normal
9.56,0,0,1.67,0,0,adfa_ld,normal
4.7,0,0,-5.27,0,0,adfa_ld,normal
4.7,0,0,-5.27,0,0,adfa_ld,normal
8.68,1,0,1.82,1,1,adfa_ld,credential_access
24.85,0,0,13.1,0,0,adfa_ld,normal
4.7,0,0,-5.27,0,0,adfa_ld,normal
28.25,0,0,-0.35,0,0,adfa_ld,normal
28.89,0,0,-0.7,0,0,adfa_ld,normal
4.7,0,0,-5.27,0,0,adfa_ld,normal
22.77,0,0,3.57,0,0,adfa_ld,normal
7.15,0,0,2.52,0,0,adfa_ld,normal
21.14,0,0,7.37,0,0,adfa_ld,normal
26.99,0,0,-1.63,0,0,adfa_ld,normal
4.7,0,0,-5.27,0,0,adfa_ld,normal
11.01,0,0,-4.59,0,0,adfa_ld,normal
28.94,0,0,5.07,0,0,adfa_ld,normal
10.9,0,0,-3.09,0,0,adfa_ld,normal
11.69,0,0,2.0,0,0,adfa_ld,normal
9.89,0,0,5.25,0,0,adfa_ld,normal
8.52,0,0,-0.27,0,0,adfa_ld,normal
14.83,0,0,0.0,0,0,adfa_ld,normal
4.7,0,0,-5.27,0,0,adfa_ld,normal
14.43,0,0,-10.02,0,0,adfa_ld,normal
26.85,0,0,4.43,0,0,adfa_ld,normal
13.35,0,0,-11.86,0,0,adfa_ld,normal
4.7,0,0,-5.27,0,0,adfa_ld,normal
8.02,0,0,2.05,0,0,adfa_ld,normal
9.32,0,0,1.52,0,0,adfa_ld,normal
4.7,0,0,-5.27,0,0,adfa_ld,normal
10.78,0,0,1.7,0,0,adfa_ld,normal
4.7,0,0,-5.27,0,0,adfa_ld,normal
41.76,0,0,0.55,0,0,adfa_ld,normal
13.47,0,0,-0.38,0,0,adfa_ld,normal
10.34,0,0,-1.59,0,0,adfa_ld,normal
4.7,0,0,-5.27,0,0,adfa_ld,normal
4.7,0,0,-5.27,0,0,adfa_ld,normal
3.57,0,0,8.32,0,0,adfa_ld,normal
4.7,0,0,-5.27,0,0,adfa_ld,normal
16.01,0,0,0.34,0,0,adfa_ld,normal
84.9,0,0,3.68,0,0,adfa_ld,normal
5.17,0,0,3.08,0,0,adfa_ld,normal
30.04,0,0,39.32,0,0,adfa_ld,normal
8.69,0,0,7.63,0,0,adfa_ld,normal
11.57,2,0,1.15,5,4,adfa_ld,reverse_shell
8.34,0,0,5.57,0,0,adfa_ld,normal
47.14,0,0,2.28,0,0,adfa_ld,normal
10.83,0,0,-0.33,0,0,adfa_ld,normal
13.94,0,0,-0.95,0,0,adfa_ld,normal
4.7,0,0,-5.27,0,0,adfa_ld,normal
4.7,0,0,-2.91,0,0,adfa_ld,normal
12.64,0,0,-2.03,0,0,adfa_ld,normal
11.07,0,0,-0.56,0,0,adfa_ld,normal
13.94,0,0,-10.61,0,0,adfa_ld,normal
4.7,0,0,-5.27,0,0,adfa_ld,normal
12.16,0,0,6.51,0,0,adfa_ld,normal
11.73,0,0,-0.44,0,0,adfa_ld,normal
9.05,0,0,-16.82,0,0,adfa_ld,normal
12.57,0,0,-6.02,0,0,adfa_ld,normal
19.06,0,0,22.28,0,0,adfa_ld,normal
3.32,0,0,-9.08,0,0,adfa_ld,normal
52.25,0,0,0.7,0,0,adfa_ld,normal
27.08,0,0,34.0,0,0,adfa_ld,normal
83.3,0,0,3.41,0,0,adfa_ld,normal
12.4,0,0,0.88,0,0,adfa_ld,normal
4.7,0,0,-5.27,0,0,adfa_ld,normal
4.7,0,0,-5.27,0,0,adfa_ld,normal
12.41,0,0,1.44,0,0,adfa_ld,normal
22.31,0,0,-13.59,0,0,adfa_ld,normal
4.7,0,0,-5.27,0,0,adfa_ld,normal
12.88,2,1,-6.91,3,3,adfa_ld,privilege_escalation
10.87,0,0,-1.65,0,0,adfa_ld,normal
4.62,0,0,0.22,0,0,local_machine,normal
14.14,0,0,1.5,0,0,adfa_ld,normal
11.48,0,0,1.29,0,0,adfa_ld,normal
12.23,0,0,-1.18,0,0,adfa_ld,normal
7.88,0,0,-0.06,0,0,adfa_ld,normal
4.7,0,0,-5.27,0,0,adfa_ld,normal
15.85,1,0,-7.71,1,1,adfa_ld,credential_access
13.41,0,0,0.48,0,0,adfa_ld,normal
4.7,0,0,-5.27,0,0,adfa_ld,normal
10.42,2,0,0.4,4,3,adfa_ld,process_injection
10.6,0,0,0.0,0,0,adfa_ld,normal
4.7,0,0,-5.27,0,0,adfa_ld,normal
27.56,0,0,1.14,0,0,adfa_ld,normal
16.05,0,0,-3.38,0,0,adfa_ld,normal
29.51,0,0,5.68,0,0,adfa_ld,normal
4.7,0,0,2.71,0,0,adfa_ld,normal
8.15,0,0,-1.72,0,0,adfa_ld,normal
5.76,0,0,-5.26,0,0,adfa_ld,normal
4.7,0,0,-5.27,0,0,adfa_ld,normal
15.76,2,0,-0.13,5,4,adfa_ld,reverse_shell
20.22,0,0,-0.25,0,0,adfa_ld,normal
9.02,0,0,-2.61,0,0,adfa_ld,normal
4.7,0,0,-5.27,0,0,adfa_ld,normal
53.06,0,0,-1.48,0,0,adfa_ld,normal
4.7,0,0,-5.27,0,0,adfa_ld,normal
27.46,0,0,1.64,0,0,adfa_ld,normal
4.7,0,0,-5.27,0,0,adfa_ld,normal
4.7,0,0,-5.27,0,0,adfa_ld,normal
20.08,0,0,1.91,0,0,adfa_ld,normal
10.82,0,0,1.59,0,0,adfa_ld,normal
20.56,1,0,4.04,2,2,adfa_ld,lateral_movement
5.22,0,0,-9.73,0,0,adfa_ld,normal
12.99,1,0,14.65,2,2,adfa_ld,lateral_movement
7.58,0,0,-1.14,0,0,adfa_ld,normal
4.7,0,0,-5.27,0,0,adfa_ld,normal
7.71,0,0,-3.63,0,0,adfa_ld,normal
8.81,0,0,7.33,0,0,adfa_ld,normal
42.24,0,0,6.71,0,0,adfa_ld,normal
9.13,2,0,-6.81,5,4,adfa_ld,reverse_shell
9.53,0,0,1.66,0,0,adfa_ld,normal
14.75,0,0,0.13,0,0,adfa_ld,normal
25.78,0,0,33.93,0,0,adfa_ld,normal
9.07,0,0,-4.74,0,0,adfa_ld,normal
14.14,2,0,0.17,4,3,adfa_ld,process_injection
28.68,2,0,1.01,5,4,adfa_ld,reverse_shell
8.11,0,0,-6.74,0,0,adfa_ld,normal
14.09,2,0,0.13,4,3,adfa_ld,process_injection
13.75,0,0,-3.1,0,0,adfa_ld,normal
4.7,0,0,-5.27,0,0,adfa_ld,normal
13.13,0,0,1.21,0,0,adfa_ld,normal
7.46,0,0,-3.03,0,0,adfa_ld,normal
5.94,0,0,-0.66,0,0,adfa_ld,normal
4.7,0,0,-5.27,0,0,adfa_ld,normal
10.15,1,0,-2.42,1,1,adfa_ld,credential_access
3.16,0,0,6.53,0,0,adfa_ld,normal
16.39,0,0,0.13,0,0,adfa_ld,normal
15.99,0,0,-0.27,0,0,adfa_ld,normal
29.02,0,0,4.78,0,0,adfa_ld,normal
24.83,0,0,24.81,0,0,adfa_ld,normal
12.65,0,0,3.09,0,0,adfa_ld,normal
8.3,0,0,2.19,0,0,adfa_ld,normal
10.63,0,0,13.36,0,0,adfa_ld,normal
50.59,0,0,-0.13,0,0,adfa_ld,normal
12.97,2,1,-3.55,3,3,adfa_ld,privilege_escalation
24.98,0,0,24.19,0,0,adfa_ld,normal
4.7,0,0,-5.27,0,0,adfa_ld,normal
1.67,0,0,-3.93,0,0,adfa_ld,normal
30.82,0,0,14.33,0,0,adfa_ld,normal
8.8,0,0,-7.57,0,0,adfa_ld,normal
12.34,2,1,0.37,3,3,adfa_ld,privilege_escalation
48.31,0,0,0.44,0,0,adfa_ld,normal
4.7,0,0,-5.27,0,0,adfa_ld,normal
4.7,0,0,-5.27,0,0,adfa_ld,normal
18.8,0,0,-0.04,0,0,adfa_ld,normal
17.1,1,0,-0.08,2,2,adfa_ld,lateral_movement
6.17,0,0,10.77,0,0,adfa_ld,normal
16.96,1,0,0.2,2,2,adfa_ld,lateral_movement
4.7,0,0,-5.27,0,0,adfa_ld,normal
24.1,0,0,16.01,0,0,adfa_ld,normal
23.09,0,0,24.56,0,0,adfa_ld,normal
4.7,0,0,-5.27,0,0,adfa_ld,normal
7.63,0,0,-0.16,0,0,adfa_ld,normal
4.7,0,0,-5.27,0,0,adfa_ld,normal
27.08,0,0,34.0,0,0,adfa_ld,normal
29.24,0,0,-0.34,0,0,adfa_ld,normal
12.24,0,0,1.19,0,0,adfa_ld,normal
9.32,0,0,1.52,0,0,adfa_ld,normal
4.7,0,0,-5.27,0,0,adfa_ld,normal
100.0,0,0,5.92,0,0,adfa_ld,normal
12.77,0,0,-3.23,0,0,adfa_ld,normal
12.31,0,0,0.28,0,0,adfa_ld,normal
2.97,0,0,7.33,0,0,adfa_ld,normal
11.24,0,0,2.94,0,0,adfa_ld,normal
21.96,0,0,4.31,0,0,adfa_ld,normal
16.52,0,0,-30.47,0,0,adfa_ld,normal
4.7,0,0,-5.27,0,0,adfa_ld,normal
11.51,0,0,5.22,0,0,adfa_ld,normal
4.7,0,0,-5.27,0,0,adfa_ld,normal
10.1,0,0,0.63,0,0,adfa_ld,normal
27.08,0,0,34.0,0,0,adfa_ld,normal
20.01,0,0,-5.77,0,0,adfa_ld,normal
26.07,0,0,33.55,0,0,adfa_ld,normal
18.24,0,0,-0.63,0,0,adfa_ld,normal
14.75,0,0,0.13,0,0,adfa_ld,normal
24.49,0,0,25.77,0,0,adfa_ld,normal
12.18,2,0,-3.47,5,4,adfa_ld,reverse_shell
33.66,0,0,6.67,0,0,adfa_ld,normal
4.7,0,0,-5.27,0,0,adfa_ld,normal
28.35,0,0,3.45,0,0,adfa_ld,normal
36.47,0,0,0.06,0,0,adfa_ld,normal
4.7,0,0,-5.27,0,0,adfa_ld,normal
23.95,0,0,3.88,0,0,adfa_ld,normal
15.55,0,0,0.0,0,0,adfa_ld,normal
4.7,0,0,-5.27,0,0,adfa_ld,normal
16.59,1,0,10.53,2,2,adfa_ld,lateral_movement
11.03,0,0,1.51,0,0,adfa_ld,normal
16.27,0,0,-0.18,0,0,adfa_ld,normal
4.7,0,0,-5.27,0,0,adfa_ld,normal
13.9,0,0,1.11,0,0,adfa_ld,normal
8.81,0,0,7.33,0,0,adfa_ld,normal
4.7,0,0,-5.27,0,0,adfa_ld,normal
16.97,0,0,1.92,0,0,adfa_ld,normal
15.67,0,0,-0.67,0,0,adfa_ld,normal
10.47,0,0,-4.63,0,0,adfa_ld,normal
4.7,0,0,-5.27,0,0,adfa_ld,normal
13.23,0,0,3.03,0,0,adfa_ld,normal
6.52,2,0,2.06,5,4,adfa_ld,reverse_shell
8.6,0,0,-11.83,0,0,adfa_ld,normal
16.08,0,0,-0.04,0,0,adfa_ld,normal
22.77,0,0,3.57,0,0,adfa_ld,normal
5.39,0,0,-9.75,0,0,adfa_ld,normal
4.7,0,0,-5.27,0,0,adfa_ld,normal
14.86,0,0,3.18,0,0,adfa_ld,normal
2.8,0,0,0.0,0,0,adfa_ld,normal
11.63,0,0,1.15,0,0,adfa_ld,normal
14.33,2,0,0.81,5,4,adfa_ld,reverse_shell
4.7,0,0,-5.27,0,0,adfa_ld,normal
16.74,0,0,31.54,0,0,adfa_ld,normal
26.31,0,0,-0.59,0,0,adfa_ld,normal
7.73,0,0,-1.77,0,0,adfa_ld,normal
7.07,0,0,10.43,0,0,adfa_ld,normal
23.42,0,0,1.83,0,0,adfa_ld,normal
31.5,0,0,1.9,0,0,adfa_ld,normal
11.03,0,0,-18.8,0,0,adfa_ld,normal
13.49,2,1,-0.8,3,3,adfa_ld,privilege_escalation
4.7,0,0,-5.27,0,0,adfa_ld,normal
4.7,0,0,-5.27,0,0,adfa_ld,normal
22.05,2,0,-0.55,4,3,adfa_ld,process_injection
10.22,0,0,-3.29,0,0,adfa_ld,normal
7.43,0,0,-3.09,0,0,adfa_ld,normal
22.77,0,0,3.57,0,0,adfa_ld,normal
9.57,0,0,2.08,0,0,adfa_ld,normal
17.85,0,0,5.89,0,0,adfa_ld,normal
10.15,0,0,0.53,0,0,adfa_ld,normal
23.53,1,0,-8.63,2,2,adfa_ld,lateral_movement
17.5,0,0,5.73,0,0,adfa_ld,normal
4.7,0,0,-5.27,0,0,adfa_ld,normal
12.77,0,0,11.58,0,0,adfa_ld,normal
20.07,0,0,27.85,0,0,adfa_ld,normal
10.0,0,0,3.77,0,0,local_machine,normal
6.18,0,0,-2.32,0,0,adfa_ld,normal
24.54,0,0,6.1,0,0,adfa_ld,normal
4.7,0,0,-5.27,0,0,adfa_ld,normal
11.43,1,0,-0.55,2,2,adfa_ld,lateral_movement
26.28,0,0,37.29,0,0,adfa_ld,normal
15.03,0,0,5.78,0,0,adfa_ld,normal
21.6,1,0,7.03,1,1,adfa_ld,credential_access
6.23,0,0,0.35,0,0,adfa_ld,normal
52.89,0,0,-0.05,0,0,adfa_ld,normal
11.57,0,0,2.94,0,0,adfa_ld,normal
4.7,0,0,-5.27,0,0,adfa_ld,normal
24.07,0,0,-25.69,0,0,adfa_ld,normal
32.72,0,0,-0.25,0,0,adfa_ld,normal
9.71,0,0,-0.68,0,0,adfa_ld,normal
4.7,0,0,-7.34,0,0,adfa_ld,normal
7.5,0,0,-2.78,0,0,adfa_ld,normal
11.27,0,0,3.43,0,0,adfa_ld,normal
14.11,0,0,0.73,0,0,adfa_ld,normal
13.22,0,0,0.84,0,0,adfa_ld,normal
4.7,0,0,-5.27,0,0,adfa_ld,normal
15.74,1,0,-0.2,1,1,adfa_ld,credential_access
3.95,0,0,-3.19,0,0,adfa_ld,normal
30.49,0,0,5.25,0,0,adfa_ld,normal
10.13,0,0,-16.85,0,0,adfa_ld,normal
23.1,0,0,2.7,0,0,adfa_ld,normal
4.7,0,0,2.71,0,0,adfa_ld,normal
28.35,0,0,11.05,0,0,adfa_ld,normal
22.05,0,0,14.55,0,0,adfa_ld,normal
8.21,0,0,2.41,0,0,adfa_ld,normal
10.6,0,0,0.0,0,0,adfa_ld,normal
12.83,2,1,0.83,3,3,adfa_ld,privilege_escalation
67.87,0,0,-19.16,0,0,adfa_ld,normal
24.94,0,0,23.24,0,0,adfa_ld,normal
24.23,0,0,-0.64,0,0,adfa_ld,normal
4.7,0,0,-5.27,0,0,adfa_ld,normal
10.81,2,1,3.62,3,3,adfa_ld,privilege_escalation
4.7,0,0,-5.27,0,0,adfa_ld,normal
11.74,2,0,-2.92,4,3,adfa_ld,process_injection
38.79,0,0,5.17,0,0,adfa_ld,normal
19.97,0,0,-1.98,0,0,adfa_ld,normal
4.7,0,0,-5.27,0,0,adfa_ld,normal
26.88,0,0,4.43,0,0,adfa_ld,normal
18.56,0,0,-5.39,0,0,adfa_ld,normal
4.7,0,0,-5.27,0,0,adfa_ld,normal
14.58,0,0,-5.47,0,0,adfa_ld,normal
4.04,0,0,-7.45,0,0,adfa_ld,normal
13.32,0,0,0.94,0,0,adfa_ld,normal
20.23,2,0,4.87,5,4,adfa_ld,reverse_shell
12.99,0,0,2.44,0,0,adfa_ld,normal
17.52,1,0,-0.15,1,1,adfa_ld,credential_access
9.89,0,0,5.25,0,0,adfa_ld,normal
31.83,0,0,17.08,0,0,adfa_ld,normal
18.26,1,0,-0.13,1,1,adfa_ld,credential_access
15.9,0,0,-3.73,0,0,adfa_ld,normal
20.57,0,0,3.08,0,0,adfa_ld,normal
11.09,0,0,-0.19,0,0,adfa_ld,normal
28.27,0,0,3.5,0,0,adfa_ld,normal
4.77,0,0,-5.34,0,0,adfa_ld,normal
17.34,0,0,-10.49,0,0,adfa_ld,normal
19.34,0,0,1.33,0,0,adfa_ld,normal
11.27,0,0,5.2,0,0,adfa_ld,normal
6.57,0,0,-11.06,0,0,adfa_ld,normal
22.34,0,0,0.12,0,0,adfa_ld,normal
13.44,2,0,0.84,4,3,adfa_ld,process_injection
20.01,0,0,-5.77,0,0,adfa_ld,normal
4.7,0,0,-5.27,0,0,adfa_ld,normal
13.45,0,0,2.88,0,0,adfa_ld,normal
15.6,0,0,0.07,0,0,adfa_ld,normal
4.7,0,0,-5.27,0,0,adfa_ld,normal
10.53,2,1,0.91,3,3,adfa_ld,privilege_escalation
4.7,0,0,-5.27,0,0,adfa_ld,normal
16.92,0,0,28.97,0,0,adfa_ld,normal
4.7,0,0,-5.27,0,0,adfa_ld,normal
4.7,0,0,-5.27,0,0,adfa_ld,normal
4.88,0,0,10.55,0,0,adfa_ld,normal
10.34,0,0,5.23,0,0,adfa_ld,normal
8.64,0,0,-3.59,0,0,adfa_ld,normal
4.7,0,0,-5.27,0,0,adfa_ld,normal
2.73,0,0,-3.74,0,0,adfa_ld,normal
11.52,0,0,2.37,0,0,adfa_ld,normal
6.29,0,0,-0.8,0,0,adfa_ld,normal
16.7,0,0,-25.79,0,0,adfa_ld,normal
17.89,0,0,7.1,0,0,adfa_ld,normal
22.46,0,0,9.67,0,0,adfa_ld,normal
44.85,0,0,-3.15,0,0,adfa_ld,normal
9.38,0,0,4.61,0,0,adfa_ld,normal
4.7,0,0,-5.27,0,0,adfa_ld,normal
27.8,0,0,3.53,0,0,adfa_ld,normal
4.7,0,0,-5.27,0,0,adfa_ld,normal
4.7,0,0,-5.27,0,0,adfa_ld,normal
11.64,2,0,1.29,5,4,adfa_ld,reverse_shell
11.27,0,0,0.36,0,0,adfa_ld,normal
10.99,0,0,10.02,0,0,adfa_ld,normal
52.25,0,0,0.7,0,0,adfa_ld,normal
7.57,0,0,-0.22,0,0,adfa_ld,normal
12.01,2,1,0.13,3,3,adfa_ld,privilege_escalation
29.37,0,0,-25.3,0,0,adfa_ld,normal
6.85,0,0,9.79,0,0,adfa_ld,normal
30.56,0,0,-0.15,0,0,adfa_ld,normal
4.7,0,0,-5.27,0,0,adfa_ld,normal
12.35,1,0,3.79,2,2,adfa_ld,lateral_movement
4.73,0,0,-6.02,0,0,adfa_ld,normal
19.6,0,0,0.11,0,0,adfa_ld,normal
9.6,1,0,8.42,1,1,adfa_ld,credential_access
5.87,0,0,-3.35,0,0,adfa_ld,normal
19.97,0,0,-1.98,0,0,adfa_ld,normal
11.03,0,0,0.14,0,0,adfa_ld,normal
43.63,0,0,1.13,0,0,adfa_ld,normal
8.72,0,0,-12.27,0,0,adfa_ld,normal
30.04,0,0,39.32,0,0,adfa_ld,normal
16.97,0,0,1.92,0,0,adfa_ld,normal
21.39,0,0,-14.25,0,0,adfa_ld,normal
7.36,0,0,12.1,0,0,adfa_ld,normal
12.76,0,0,-0.45,0,0,adfa_ld,normal
4.7,0,0,-5.27,0,0,adfa_ld,normal
4.7,0,0,-5.27,0,0,adfa_ld,normal
9.73,0,0,-1.98,0,0,adfa_ld,normal
10.82,0,0,2.9,0,0,adfa_ld,normal
4.7,0,0,-5.27,0,0,adfa_ld,normal
8.66,0,0,1.47,0,0,adfa_ld,normal
14.08,2,0,0.2,5,4,adfa_ld,reverse_shell
6.65,0,0,-1.97,0,0,adfa_ld,normal
9.42,0,0,7.87,0,0,adfa_ld,normal
27.94,0,0,4.37,0,0,adfa_ld,normal
4.7,0,0,-5.27,0,0,adfa_ld,normal
4.7,0,0,-5.27,0,0,adfa_ld,normal
28.5,0,0,15.33,0,0,adfa_ld,normal
21.36,0,0,-10.61,0,0,adfa_ld,normal
19.4,0,0,-0.71,0,0,adfa_ld,normal
10.79,0,0,2.0,0,0,adfa_ld,normal
10.1,0,0,0.63,0,0,adfa_ld,normal
4.7,0,0,-5.27,0,0,adfa_ld,normal
23.69,0,0,5.4,0,0,adfa_ld,normal
24.38,0,0,4.24,0,0,adfa_ld,normal
4.7,0,0,1.27,0,0,adfa_ld,normal
4.73,0,0,-6.02,0,0,adfa_ld,normal
10.71,0,0,-1.55,0,0,adfa_ld,normal
24.15,0,0,2.34,0,0,adfa_ld,normal
16.05,0,0,-3.38,0,0,adfa_ld,normal
37.55,0,0,0.35,0,0,adfa_ld,normal
11.11,0,0,0.07,0,0,adfa_ld,normal
27.5,0,0,0.71,0,0,adfa_ld,normal
11.32,1,0,0.0,1,1,adfa_ld,credential_access
6.93,0,0,-10.77,0,0,adfa_ld,normal
4.7,0,0,-5.27,0,0,adfa_ld,normal
15.09,0,0,-6.8,0,0,adfa_ld,normal
23.59,0,0,-3.35,0,0,adfa_ld,normal
12.38,0,0,0.07,0,0,adfa_ld,normal
15.85,0,0,0.07,0,0,adfa_ld,normal
3.27,0,0,-9.18,0,0,adfa_ld,normal
32.53,0,0,2.83,0,0,adfa_ld,normal
6.44,0,0,2.28,0,0,adfa_ld,normal
11.3,2,0,0.55,4,3,adfa_ld,process_injection
8.19,0,0,3.69,0,0,adfa_ld,normal
12.82,1,0,-1.35,1,1,adfa_ld,credential_access
10.57,0,0,1.14,0,0,adfa_ld,normal
11.35,0,0,-4.57,0,0,adfa_ld,normal
15.12,0,0,3.14,0,0,adfa_ld,normal
13.6,2,0,0.4,5,4,adfa_ld,reverse_shell
13.19,2,0,12.06,5,4,adfa_ld,reverse_shell
5.5,0,0,-7.22,0,0,adfa_ld,normal
8.22,0,0,5.89,0,0,adfa_ld,normal
21.35,0,0,-1.48,0,0,adfa_ld,normal
25.66,0,0,-10.63,0,0,adfa_ld,normal
18.43,0,0,5.53,0,0,adfa_ld,normal
4.38,0,0,1.99,0,0,adfa_ld,normal
22.94,0,0,30.41,0,0,adfa_ld,normal
16.06,0,0,-23.89,0,0,adfa_ld,normal
3.39,0,0,5.91,0,0,adfa_ld,normal
13.96,0,0,-1.21,0,0,adfa_ld,normal
7.2,0,0,-0.63,0,0,adfa_ld,normal
8.66,0,0,-3.5,0,0,adfa_ld,normal
4.7,0,0,-5.27,0,0,adfa_ld,normal
20.02,0,0,10.27,0,0,adfa_ld,normal
4.7,0,0,-5.27,0,0,adfa_ld,normal
21.55,0,0,8.35,0,0,adfa_ld,normal
13.51,0,0,11.46,0,0,adfa_ld,normal
5.53,0,0,1.53,0,0,adfa_ld,normal
11.29,0,0,-1.81,0,0,adfa_ld,normal
25.12,0,0,23.34,0,0,adfa_ld,normal
4.7,0,0,-5.27,0,0,adfa_ld,normal
4.7,0,0,-5.27,0,0,adfa_ld,normal
11.09,0,0,2.92,0,0,adfa_ld,normal
10.47,0,0,-4.46,0,0,adfa_ld,normal
13.67,2,1,-0.34,3,3,adfa_ld,privilege_escalation
4.7,0,0,-5.27,0,0,adfa_ld,normal
8.38,0,0,5.77,0,0,adfa_ld,normal
4.7,0,0,-5.27,0,0,adfa_ld,normal
23.54,0,0,0.0,0,0,adfa_ld,normal
4.7,0,0,-5.27,0,0,adfa_ld,normal
13.91,2,0,0.07,5,4,adfa_ld,reverse_shell
4.7,0,0,-5.27,0,0,adfa_ld,normal
9.71,0,0,-0.68,0,0,adfa_ld,normal
4.76,0,0,1.18,0,0,adfa_ld,normal
10.1,0,0,0.63,0,0,adfa_ld,normal
22.31,2,0,11.36,5,4,adfa_ld,reverse_shell
12.44,0,0,-0.33,0,0,adfa_ld,normal
13.64,0,0,-10.44,0,0,adfa_ld,normal
14.62,0,0,0.12,0,0,local_machine,normal
16.11,1,0,14.56,1,1,adfa_ld,credential_access
5.09,0,0,0.58,0,0,adfa_ld,normal
4.7,0,0,-5.27,0,0,adfa_ld,normal
20.07,0,0,27.85,0,0,adfa_ld,normal
12.74,2,0,-2.24,5,4,adfa_ld,reverse_shell
13.67,2,0,-1.47,5,4,adfa_ld,reverse_shell
20.07,0,0,27.85,0,0,adfa_ld,normal
23.74,0,0,6.45,0,0,adfa_ld,normal
10.56,0,0,0.11,0,0,adfa_ld,normal
4.7,0,0,-5.27,0,0,adfa_ld,normal
17.0,2,0,0.4,4,3,adfa_ld,process_injection
22.61,0,0,0.91,0,0,adfa_ld,normal
21.74,0,0,-5.59,0,0,adfa_ld,normal
16.39,0,0,1.2,0,0,adfa_ld,normal
4.62,0,0,3.9,0,0,local_machine,normal
12.49,1,0,0.76,1,1,adfa_ld,credential_access
12.98,0,0,-0.01,0,0,adfa_ld,normal
7.57,2,0,1.0,4,3,adfa_ld,process_injection
22.88,0,0,21.58,0,0,adfa_ld,normal
11.69,0,0,5.4,0,0,adfa_ld,normal
5.23,0,0,-7.31,0,0,adfa_ld,normal
4.7,0,0,-5.27,0,0,adfa_ld,normal
4.7,0,0,-5.27,0,0,adfa_ld,normal
22.7,0,0,-1.1,0,0,adfa_ld,normal
24.74,0,0,0.0,0,0,adfa_ld,normal
25.2,0,0,-0.17,0,0,adfa_ld,normal
15.74,0,0,-3.26,0,0,adfa_ld,normal
4.7,0,0,-5.27,0,0,adfa_ld,normal
13.79,0,0,-10.15,0,0,adfa_ld,normal
25.78,0,0,15.05,0,0,adfa_ld,normal
58.4,0,0,-6.42,0,0,adfa_ld,normal
24.03,2,0,1.51,5,4,adfa_ld,reverse_shell
20.14,1,0,1.72,2,2,adfa_ld,lateral_movement
23.93,1,0,-6.58,2,2,adfa_ld,lateral_movement
29.18,0,0,-14.81,0,0,adfa_ld,normal
7.36,0,0,12.1,0,0,adfa_ld,normal
9.7,1,0,-3.6,1,1,adfa_ld,credential_access
9.34,0,0,2.3,0,0,adfa_ld,normal
11.47,0,0,-19.58,0,0,adfa_ld,normal
4.7,0,0,-5.27,0,0,adfa_ld,normal
10.88,0,0,3.38,0,0,adfa_ld,normal
10.71,0,0,0.8,0,0,adfa_ld,normal
21.92,0,0,-0.09,0,0,adfa_ld,normal
14.3,1,0,0.07,2,2,adfa_ld,lateral_movement
4.7,0,0,-5.27,0,0,adfa_ld,normal
29.44,0,0,5.52,0,0,adfa_ld,normal
10.5,0,0,0.21,0,0,adfa_ld,normal
4.7,0,0,-5.27,0,0,adfa_ld,normal
6.94,0,0,-7.89,0,0,adfa_ld,normal
4.7,0,0,-5.27,0,0,adfa_ld,normal
5.86,0,0,2.81,0,0,adfa_ld,normal
79.15,0,0,28.05,0,0,adfa_ld,normal
8.2,0,0,-0.67,0,0,adfa_ld,normal
31.51,0,0,3.79,0,0,adfa_ld,normal
4.7,0,0,-5.27,0,0,adfa_ld,normal
15.9,0,0,-3.73,0,0,adfa_ld,normal
3.37,0,0,8.26,0,0,adfa_ld,normal
21.39,0,0,-14.25,0,0,adfa_ld,normal
4.7,0,0,-5.27,0,0,adfa_ld,normal
26.22,0,0,24.29,0,0,adfa_ld,normal
12.18,0,0,1.4,0,0,adfa_ld,normal
16.29,0,0,1.65,0,0,adfa_ld,normal
12.46,0,0,0.13,0,0,adfa_ld,normal
40.12,0,0,-0.05,0,0,adfa_ld,normal
9.24,0,0,-2.45,0,0,adfa_ld,normal
4.7,0,0,-5.27,0,0,adfa_ld,normal
19.47,0,0,-17.32,0,0,adfa_ld,normal
4.01,0,0,1.81,0,0,adfa_ld,normal
17.45,1,0,-0.08,1,1,adfa_ld,credential_access
15.65,0,0,15.42,0,0,adfa_ld,normal
9.76,0,0,7.35,0,0,adfa_ld,normal
84.17,0,0,42.5,0,0,adfa_ld,normal
25.78,0,0,33.93,0,0,adfa_ld,normal
22.31,0,0,-13.59,0,0,adfa_ld,normal
4.7,0,0,-5.27,0,0,adfa_ld,normal
22.06,0,0,-5.42,0,0,adfa_ld,normal
14.92,0,0,22.35,0,0,adfa_ld,normal
26.75,0,0,0.09,0,0,adfa_ld,normal
5.11,0,0,-3.52,0,0,adfa_ld,normal
10.46,0,0,4.76,0,0,adfa_ld,normal
9.56,0,0,1.67,0,0,adfa_ld,normal
11.48,1,0,-2.06,1,1,adfa_ld,credential_access
27.27,0,0,0.08,0,0,adfa_ld,normal
22.54,0,0,0.47,0,0,adfa_ld,normal
5.38,0,0,0.27,0,0,local_machine,normal
13.47,2,0,-0.14,5,4,adfa_ld,reverse_shell
16.2,2,1,-0.07,3,3,adfa_ld,privilege_escalation
4.7,0,0,-5.27,0,0,adfa_ld,normal
22.31,0,0,-13.59,0,0,adfa_ld,normal
14.68,0,0,-8.31,0,0,adfa_ld,normal
29.38,0,0,7.02,0,0,adfa_ld,normal
17.46,0,0,-13.7,0,0,adfa_ld,normal
13.82,2,0,0.2,5,4,adfa_ld,reverse_shell
8.04,0,0,-2.12,0,0,adfa_ld,normal
9.48,0,0,1.53,0,0,adfa_ld,normal
13.92,0,0,-14.88,0,0,adfa_ld,normal
15.73,0,0,3.4,0,0,adfa_ld,normal
22.61,0,0,0.48,0,0,adfa_ld,normal
12.17,0,0,1.48,0,0,adfa_ld,normal
4.7,0,0,-5.27,0,0,adfa_ld,normal
28.92,0,0,-4.98,0,0,adfa_ld,normal
22.77,0,0,3.57,0,0,adfa_ld,normal
14.32,0,0,0.4,0,0,adfa_ld,normal
24.94,0,0,23.24,0,0,adfa_ld,normal
16.05,0,0,-3.38,0,0,adfa_ld,normal
20.24,0,0,-0.88,0,0,adfa_ld,normal
11.38,0,0,0.0,0,0,adfa_ld,normal
4.7,0,0,-5.27,0,0,adfa_ld,normal
9.71,0,0,-0.68,0,0,adfa_ld,normal
7.3,0,0,-4.71,0,0,adfa_ld,normal
13.82,0,0,-0.87,0,0,adfa_ld,normal
8.58,0,0,-4.45,0,0,adfa_ld,normal
11.7,0,0,0.99,0,0,adfa_ld,normal
26.59,0,0,48.91,0,0,adfa_ld,normal
16.43,0,0,3.0,0,0,adfa_ld,normal
2.7,0,0,-9.26,0,0,adfa_ld,normal
7.54,2,0,1.22,5,4,adfa_ld,reverse_shell
9.61,0,0,2.05,0,0,adfa_ld,normal
9.72,0,0,-1.87,0,0,adfa_ld,normal
10.8,0,0,1.35,0,0,adfa_ld,normal
18.93,0,0,-0.26,0,0,adfa_ld,normal
15.9,0,0,-3.73,0,0,adfa_ld,normal
4.12,0,0,0.0,0,0,adfa_ld,normal
7.54,2,0,2.65,4,3,adfa_ld,process_injection
10.38,0,0,0.94,0,0,adfa_ld,normal
11.89,0,0,1.01,0,0,adfa_ld,normal
12.42,2,1,-0.07,3,3,adfa_ld,privilege_escalation
15.9,0,0,-3.73,0,0,adfa_ld,normal
8.22,0,0,4.15,0,0,adfa_ld,normal
9.32,0,0,1.52,0,0,adfa_ld,normal
11.65,0,0,2.16,0,0,adfa_ld,normal
14.8,0,0,0.27,0,0,adfa_ld,normal
4.7,0,0,-5.27,0,0,adfa_ld,normal
22.45,0,0,0.09,0,0,adfa_ld,normal
4.7,0,0,-5.27,0,0,adfa_ld,normal
25.78,0,0,33.93,0,0,adfa_ld,normal
4.7,0,0,-5.27,0,0,adfa_ld,normal
9.56,0,0,1.67,0,0,adfa_ld,normal
4.7,0,0,-5.27,0,0,adfa_ld,normal
12.94,1,0,15.4,1,1,adfa_ld,credential_access
4.7,0,0,-2.91,0,0,adfa_ld,normal
4.7,0,0,-5.27,0,0,adfa_ld,normal
4.7,0,0,-5.27,0,0,adfa_ld,normal
9.75,1,0,0.84,1,1,adfa_ld,credential_access
25.78,0,0,33.93,0,0,adfa_ld,normal
15.9,0,0,-3.73,0,0,adfa_ld,normal
7.01,0,0,2.38,0,0,adfa_ld,normal
14.25,1,0,15.53,2,2,adfa_ld,lateral_movement
10.4,0,0,-2.13,0,0,adfa_ld,normal
7.39,0,0,-1.04,0,0,adfa_ld,normal
27.08,0,0,34.0,0,0,adfa_ld,normal
11.22,0,0,-11.24,0,0,adfa_ld,normal
4.7,0,0,-2.91,0,0,adfa_ld,normal
14.15,2,0,0.06,5,4,adfa_ld,reverse_shell
4.7,0,0,-5.27,0,0,adfa_ld,normal
31.38,0,0,-1.64,0,0,adfa_ld,normal
15.9,0,0,-3.73,0,0,adfa_ld,normal
7.69,0,0,-5.06,0,0,adfa_ld,normal
17.93,1,0,12.24,1,1,adfa_ld,credential_access
5.89,0,0,3.04,0,0,adfa_ld,normal
20.01,0,0,-5.77,0,0,adfa_ld,normal
10.57,0,0,1.14,0,0,adfa_ld,normal
14.14,0,0,3.09,0,0,adfa_ld,normal
19.43,2,0,0.69,5,4,adfa_ld,reverse_shell
3.25,0,0,2.12,0,0,adfa_ld,normal
4.7,0,0,-5.27,0,0,adfa_ld,normal
12.75,0,0,-0.06,0,0,adfa_ld,normal
32.66,0,0,1.06,0,0,adfa_ld,normal
13.2,0,0,-0.08,0,0,adfa_ld,normal
2.26,0,0,5.7,0,0,adfa_ld,normal
4.7,0,0,-5.27,0,0,adfa_ld,normal
20.41,0,0,17.05,0,0,adfa_ld,normal
4.7,0,0,-5.27,0,0,adfa_ld,normal
7.97,2,0,0.34,4,3,adfa_ld,process_injection
10.15,2,0,5.09,4,3,adfa_ld,process_injection
4.7,0,0,-5.27,0,0,adfa_ld,normal
12.81,1,0,0.77,2,2,adfa_ld,lateral_movement
4.7,0,0,-5.27,0,0,adfa_ld,normal
3.4,0,0,4.24,0,0,adfa_ld,normal
21.85,0,0,0.42,0,0,adfa_ld,normal
7.49,0,0,0.65,0,0,adfa_ld,normal
5.67,0,0,-5.92,0,0,adfa_ld,normal
10.99,0,0,-13.62,0,0,adfa_ld,normal
32.86,0,0,-13.54,0,0,adfa_ld,normal
4.7,0,0,-5.27,0,0,adfa_ld,normal
22.76,0,0,-34.84,0,0,adfa_ld,normal
13.92,0,0,-14.88,0,0,adfa_ld,normal
47.72,0,0,12.45,0,0,adfa_ld,normal
4.7,0,0,-5.27,0,0,adfa_ld,normal
25.23,0,0,28.5,0,0,adfa_ld,normal
68.55,0,0,-27.55,0,0,adfa_ld,normal
5.26,2,0,-3.18,5,4,adfa_ld,reverse_shell
19.23,0,0,4.54,0,0,adfa_ld,normal
25.52,0,0,6.2,0,0,adfa_ld,normal
13.81,1,0,-0.4,1,1,adfa_ld,credential_access
4.7,0,0,-5.27,0,0,adfa_ld,normal
6.69,0,0,-0.61,0,0,adfa_ld,normal
14.23,1,0,12.96,2,2,adfa_ld,lateral_movement
27.61,0,0,-0.52,0,0,adfa_ld,normal
23.67,0,0,22.41,0,0,adfa_ld,normal
10.77,0,0,3.54,0,0,adfa_ld,normal
22.94,0,0,30.41,0,0,adfa_ld,normal
15.95,0,0,-0.29,0,0,adfa_ld,normal
4.7,0,0,-5.27,0,0,adfa_ld,normal
6.69,0,0,-0.61,0,0,adfa_ld,normal
7.15,0,0,2.52,0,0,adfa_ld,normal
21.27,0,0,-0.16,0,0,adfa_ld,normal
8.6,0,0,2.74,0,0,adfa_ld,normal
4.7,0,0,-5.27,0,0,adfa_ld,normal
26.86,0,0,4.37,0,0,adfa_ld,normal
21.65,0,0,16.64,0,0,adfa_ld,normal
22.7,0,0,1.69,0,0,adfa_ld,normal
37.82,0,0,4.45,0,0,adfa_ld,normal
9.79,0,0,1.62,0,0,adfa_ld,normal
7.81,0,0,2.71,0,0,adfa_ld,normal
27.96,0,0,30.37,0,0,adfa_ld,normal
19.52,0,0,-0.13,0,0,adfa_ld,normal
17.91,2,0,-0.52,5,4,adfa_ld,reverse_shell
45.06,0,0,0.95,0,0,adfa_ld,normal
8.86,0,0,-0.83,0,0,adfa_ld,normal
4.7,0,0,-5.27,0,0,adfa_ld,normal
11.22,0,0,-11.24,0,0,adfa_ld,normal
12.86,1,0,0.75,1,1,adfa_ld,credential_access
11.11,0,0,1.25,0,0,adfa_ld,normal
4.7,0,0,-5.27,0,0,adfa_ld,normal
13.1,1,0,6.62,1,1,adfa_ld,credential_access
10.58,0,0,-0.04,0,0,adfa_ld,normal
4.7,0,0,-5.27,0,0,adfa_ld,normal
19.98,2,0,3.41,5,4,adfa_ld,reverse_shell
11.48,0,0,-1.13,0,0,adfa_ld,normal
7.9,0,0,0.0,0,0,adfa_ld,normal
19.7,0,0,5.22,0,0,adfa_ld,normal
8.22,0,0,5.89,0,0,adfa_ld,normal
12.59,2,0,0.84,4,3,adfa_ld,process_injection
32.44,0,0,31.61,0,0,adfa_ld,normal
7.78,0,0,-5.52,0,0,adfa_ld,normal
5.12,0,0,10.29,0,0,adfa_ld,normal
4.7,0,0,-5.27,0,0,adfa_ld,normal
8.53,0,0,-0.59,0,0,adfa_ld,normal
14.92,0,0,22.35,0,0,adfa_ld,normal
19.65,0,0,-22.27,0,0,adfa_ld,normal
10.38,0,0,0.94,0,0,adfa_ld,normal
61.4,0,0,1.5,0,0,adfa_ld,normal
29.07,0,0,0.31,0,0,adfa_ld,normal
18.46,0,0,0.24,0,0,local_machine,normal
4.7,0,0,-5.27,0,0,adfa_ld,normal
11.37,0,0,7.56,0,0,adfa_ld,normal
25.43,0,0,26.29,0,0,adfa_ld,normal
16.93,2,1,-0.76,3,3,adfa_ld,privilege_escalation
4.7,0,0,-5.27,0,0,adfa_ld,normal
9.68,0,0,1.07,0,0,adfa_ld,normal
9.46,1,0,4.14,2,2,adfa_ld,lateral_movement
22.77,0,0,3.57,0,0,adfa_ld,normal
7.93,0,0,1.63,0,0,adfa_ld,normal
18.06,0,0,2.98,0,0,adfa_ld,normal
4.7,0,0,-5.27,0,0,adfa_ld,normal
9.51,0,0,1.67,0,0,adfa_ld,normal
22.33,1,0,-0.25,1,1,adfa_ld,credential_access
23.21,0,0,-0.49,0,0,adfa_ld,normal
14.63,0,0,-2.74,0,0,adfa_ld,normal
10.96,0,0,0.28,0,0,adfa_ld,normal
13.48,0,0,-2.51,0,0,adfa_ld,normal
10.38,0,0,-0.23,0,0,adfa_ld,normal
14.63,0,0,-2.74,0,0,adfa_ld,normal
3.15,0,0,8.36,0,0,adfa_ld,normal
4.7,0,0,-5.27,0,0,adfa_ld,normal
10.81,0,0,-5.7,0,0,adfa_ld,normal
4.7,0,0,-5.27,0,0,adfa_ld,normal
12.92,1,0,0.0,2,2,adfa_ld,lateral_movement
4.82,0,0,2.5,0,0,adfa_ld,normal
10.18,0,0,-3.48,0,0,adfa_ld,normal
20.02,0,0,10.27,0,0,adfa_ld,normal
7.9,0,0,0.07,0,0,adfa_ld,normal
4.7,0,0,-5.27,0,0,adfa_ld,normal
15.06,0,0,-22.44,0,0,adfa_ld,normal
23.03,1,0,-5.44,2,2,adfa_ld,lateral_movement
18.41,0,0,-13.39,0,0,adfa_ld,normal
29.18,0,0,-14.81,0,0,adfa_ld,normal
9.42,0,0,-9.06,0,0,adfa_ld,normal
16.98,0,0,0.38,0,0,adfa_ld,normal
22.77,0,0,3.57,0,0,adfa_ld,normal
7.09,0,0,-1.0,0,0,adfa_ld,normal
18.96,1,0,8.2,2,2,adfa_ld,lateral_movement
12.82,0,0,-15.15,0,0,adfa_ld,normal
29.59,0,0,-1.66,0,0,adfa_ld,normal
15.89,0,0,-0.05,0,0,adfa_ld,normal
9.21,0,0,3.35,0,0,adfa_ld,normal
7.04,0,0,-1.79,0,0,adfa_ld,normal
13.52,1,0,-3.82,1,1,adfa_ld,credential_access
33.24,0,0,2.63,0,0,adfa_ld,normal
13.62,2,0,2.59,4,3,adfa_ld,process_injection
13.03,0,0,-2.76,0,0,adfa_ld,normal
3.96,0,0,-6.68,0,0,adfa_ld,normal
6.53,0,0,-2.16,0,0,adfa_ld,normal
22.34,0,0,-26.71,0,0,adfa_ld,normal
14.27,2,1,-3.11,3,3,adfa_ld,privilege_escalation
14.05,0,0,-3.88,0,0,adfa_ld,normal
8.95,0,0,1.97,0,0,adfa_ld,normal
9.32,0,0,1.52,0,0,adfa_ld,normal
7.54,0,0,-2.16,0,0,adfa_ld,normal
25.92,0,0,27.18,0,0,adfa_ld,normal
8.91,0,0,0.91,0,0,adfa_ld,normal
11.3,1,0,-0.27,1,1,adfa_ld,credential_access
6.74,0,0,-2.82,0,0,adfa_ld,normal
4.7,0,0,-5.27,0,0,adfa_ld,normal
14.63,0,0,-2.74,0,0,adfa_ld,normal
32.25,1,0,0.07,2,2,adfa_ld,lateral_movement
11.16,0,0,0.99,0,0,adfa_ld,normal
24.49,0,0,25.77,0,0,adfa_ld,normal
33.31,0,0,30.87,0,0,adfa_ld,normal
6.11,0,0,-7.5,0,0,adfa_ld,normal
6.97,1,0,6.19,1,1,adfa_ld,credential_access
4.7,0,0,-5.27,0,0,adfa_ld,normal
4.7,0,0,-5.27,0,0,adfa_ld,normal
15.5,0,0,0.0,0,0,adfa_ld,normal
4.7,0,0,-5.27,0,0,adfa_ld,normal
14.27,0,0,0.07,0,0,adfa_ld,normal
22.11,0,0,3.55,0,0,adfa_ld,normal
4.7,0,0,-5.27,0,0,adfa_ld,normal
54.17,0,0,0.51,0,0,adfa_ld,normal
15.04,0,0,-20.03,0,0,adfa_ld,normal
33.5,0,0,-0.7,0,0,adfa_ld,normal
4.7,0,0,-5.27,0,0,adfa_ld,normal
4.7,0,0,-5.27,0,0,adfa_ld,normal
13.44,0,0,3.22,0,0,adfa_ld,normal
4.7,0,0,-5.27,0,0,adfa_ld,normal
4.7,0,0,-5.27,0,0,adfa_ld,normal
37.52,0,0,0.28,0,0,adfa_ld,normal
9.8,0,0,-6.0,0,0,adfa_ld,normal
22.76,0,0,29.05,0,0,adfa_ld,normal
11.67,0,0,5.78,0,0,adfa_ld,normal
10.93,0,0,-1.47,0,0,adfa_ld,normal
6.75,0,0,-5.55,0,0,adfa_ld,normal
13.79,0,0,-10.15,0,0,adfa_ld,normal
8.67,0,0,2.76,0,0,adfa_ld,normal
29.01,0,0,-3.13,0,0,adfa_ld,normal
5.79,0,0,-9.92,0,0,adfa_ld,normal
4.7,0,0,-5.27,0,0,adfa_ld,normal
21.39,0,0,-14.25,0,0,adfa_ld,normal
11.17,0,0,1.63,0,0,adfa_ld,normal
25.09,0,0,2.26,0,0,adfa_ld,normal
4.7,0,0,-5.27,0,0,adfa_ld,normal
27.5,0,0,0.71,0,0,adfa_ld,normal
4.7,0,0,-5.27,0,0,adfa_ld,normal
11.29,0,0,0.85,0,0,adfa_ld,normal
16.25,0,0,-2.66,0,0,adfa_ld,normal
13.26,2,0,-0.13,4,3,adfa_ld,process_injection
5.47,0,0,10.54,0,0,adfa_ld,normal
43.21,0,0,-16.09,0,0,adfa_ld,normal
4.7,0,0,-5.27,0,0,adfa_ld,normal
9.56,0,0,1.67,0,0,adfa_ld,normal
32.44,0,0,31.61,0,0,adfa_ld,normal
4.7,0,0,-5.27,0,0,adfa_ld,normal
16.09,0,0,0.2,0,0,adfa_ld,normal
7.09,0,0,4.7,0,0,adfa_ld,normal
18.03,0,0,1.86,0,0,adfa_ld,normal
4.7,0,0,6.33,0,0,adfa_ld,normal
22.7,0,0,1.69,0,0,adfa_ld,normal
14.51,0,0,0.07,0,0,adfa_ld,normal
4.7,0,0,-5.27,0,0,adfa_ld,normal
4.7,0,0,-5.27,0,0,adfa_ld,normal
9.33,0,0,3.91,0,0,adfa_ld,normal
12.51,2,0,-0.07,4,3,adfa_ld,process_injection
24.47,0,0,0.35,0,0,adfa_ld,normal
18.88,0,0,-19.96,0,0,adfa_ld,normal
9.16,0,0,5.55,0,0,adfa_ld,normal
84.18,0,0,7.52,0,0,adfa_ld,normal
4.7,0,0,-5.27,0,0,adfa_ld,normal
30.75,0,0,40.47,0,0,adfa_ld,normal
15.61,2,0,13.81,5,4,adfa_ld,reverse_shell
4.7,0,0,-5.27,0,0,adfa_ld,normal
14.38,0,0,0.0,0,0,adfa_ld,normal
23.74,0,0,1.65,0,0,adfa_ld,normal
15.9,0,0,-3.73,0,0,adfa_ld,normal
7.35,0,0,-6.02,0,0,adfa_ld,normal
4.7,0,0,-5.27,0,0,adfa_ld,normal
9.56,0,0,1.67,0,0,adfa_ld,normal
8.15,0,0,-0.72,0,0,adfa_ld,normal
4.7,0,0,-5.27,0,0,adfa_ld,normal
33.05,0,0,-22.77,0,0,adfa_ld,normal
3.24,0,0,5.82,0,0,adfa_ld,normal
4.7,0,0,-5.27,0,0,adfa_ld,normal
5.35,0,0,10.39,0,0,adfa_ld,normal
4.7,0,0,-5.27,0,0,adfa_ld,normal
10.46,0,0,1.45,0,0,adfa_ld,normal
84.72,0,0,-10.58,0,0,adfa_ld,normal
4.7,0,0,-5.27,0,0,adfa_ld,normal
7.36,0,0,12.1,0,0,adfa_ld,normal
2.66,0,0,-1.78,0,0,adfa_ld,normal
4.42,0,0,-7.45,0,0,adfa_ld,normal
4.7,0,0,2.71,0,0,adfa_ld,normal
8.8,0,0,-8.8,0,0,adfa_ld,normal
13.02,1,0,-0.13,2,2,adfa_ld,lateral_movement
13.31,0,0,-1.8,0,0,adfa_ld,normal
4.7,0,0,-5.27,0,0,adfa_ld,normal
4.7,0,0,1.93,0,0,adfa_ld,normal
33.18,0,0,2.67,0,0,adfa_ld,normal
26.07,0,0,33.55,0,0,adfa_ld,normal
22.77,0,0,3.57,0,0,adfa_ld,normal
9.14,0,0,-0.37,0,0,adfa_ld,normal
9.56,0,0,-0.47,0,0,adfa_ld,normal
25.78,0,0,33.93,0,0,adfa_ld,normal
4.7,0,0,-5.27,0,0,adfa_ld,normal
13.98,0,0,0.34,0,0,adfa_ld,normal
13.26,0,0,0.07,0,0,adfa_ld,normal
14.8,0,0,-0.07,0,0,adfa_ld,normal
12.7,1,0,0.2,1,1,adfa_ld,credential_access
10.33,0,0,-11.51,0,0,adfa_ld,normal
6.33,0,0,0.07,0,0,adfa_ld,normal
30.82,0,0,14.33,0,0,adfa_ld,normal
26.06,0,0,0.0,0,0,adfa_ld,normal
10.93,2,0,3.75,4,3,adfa_ld,process_injection
3.25,0,0,2.12,0,0,adfa_ld,normal
12.85,0,0,2.33,0,0,adfa_ld,normal
12.24,0,0,2.3,0,0,adfa_ld,normal
16.72,0,0,-3.36,0,0,adfa_ld,normal
4.83,0,0,-2.32,0,0,adfa_ld,normal
19.47,0,0,-9.57,0,0,adfa_ld,normal
22.42,1,0,-10.4,1,1,adfa_ld,credential_access
22.24,0,0,0.56,0,0,adfa_ld,normal
8.58,0,0,1.79,0,0,adfa_ld,normal
25.03,0,0,-6.38,0,0,adfa_ld,normal
12.07,2,1,-2.32,3,3,adfa_ld,privilege_escalation
13.95,0,0,0.28,0,0,adfa_ld,normal
4.7,0,0,-5.27,0,0,adfa_ld,normal
22.7,0,0,3.26,0,0,adfa_ld,normal
4.7,0,0,-5.27,0,0,adfa_ld,normal
8.57,0,0,1.41,0,0,adfa_ld,normal
10.87,1,0,0.46,2,2,adfa_ld,lateral_movement
4.7,0,0,-5.27,0,0,adfa_ld,normal
21.69,0,0,-0.94,0,0,adfa_ld,normal
16.98,1,0,0.13,1,1,adfa_ld,credential_access
11.84,2,1,-0.21,3,3,adfa_ld,privilege_escalation
4.7,0,0,-5.27,0,0,adfa_ld,normal
15.9,0,0,-3.73,0,0,adfa_ld,normal
30.04,0,0,39.32,0,0,adfa_ld,normal
16.05,0,0,-3.38,0,0,adfa_ld,normal
4.77,0,0,-5.34,0,0,adfa_ld,normal
8.59,0,0,-16.19,0,0,adfa_ld,normal
14.17,0,0,-4.65,0,0,adfa_ld,normal
7.38,0,0,-0.18,0,0,adfa_ld,normal
4.7,0,0,-5.27,0,0,adfa_ld,normal
7.88,0,0,1.57,0,0,adfa_ld,normal
4.7,0,0,-5.27,0,0,adfa_ld,normal
4.7,0,0,-5.27,0,0,adfa_ld,normal
4.7,0,0,-5.27,0,0,adfa_ld,normal
16.08,1,0,-0.31,1,1,adfa_ld,credential_access
4.7,0,0,-5.27,0,0,adfa_ld,normal
28.37,0,0,-8.81,0,0,adfa_ld,normal
37.57,0,0,5.68,0,0,adfa_ld,normal
22.77,0,0,3.57,0,0,adfa_ld,normal
19.13,0,0,0.0,0,0,adfa_ld,normal
4.7,0,0,-5.27,0,0,adfa_ld,normal
30.14,0,0,0.18,0,0,adfa_ld,normal
5.67,0,0,-5.92,0,0,adfa_ld,normal
14.24,2,0,-0.26,4,3,adfa_ld,process_injection
12.01,0,0,-3.12,0,0,adfa_ld,normal
7.25,0,0,-6.02,0,0,adfa_ld,normal
4.7,0,0,-5.27,0,0,adfa_ld,normal
4.7,0,0,-5.27,0,0,adfa_ld,normal
14.58,1,0,-13.27,1,1,adfa_ld,credential_access
33.91,0,0,0.15,0,0,adfa_ld,normal
4.7,0,0,-5.27,0,0,adfa_ld,normal
13.44,0,0,0.02,0,0,adfa_ld,normal
13.06,1,0,0.27,1,1,adfa_ld,credential_access
3.21,0,0,-2.25,0,0,adfa_ld,normal
11.97,0,0,8.85,0,0,adfa_ld,normal
10.25,0,0,-2.01,0,0,adfa_ld,normal
16.88,0,0,-10.08,0,0,adfa_ld,normal
14.81,2,0,-0.34,4,3,adfa_ld,process_injection
7.81,0,0,-4.82,0,0,adfa_ld,normal
29.27,0,0,-16.54,0,0,adfa_ld,normal
8.55,0,0,-13.54,0,0,adfa_ld,normal
22.66,0,0,1.5,0,0,adfa_ld,normal
8.55,0,0,-12.13,0,0,adfa_ld,normal
9.71,0,0,-0.68,0,0,adfa_ld,normal
30.42,0,0,-0.09,0,0,adfa_ld,normal
4.7,0,0,-5.27,0,0,adfa_ld,normal
8.72,0,0,-0.07,0,0,adfa_ld,normal
21.94,0,0,-10.44,0,0,adfa_ld,normal
4.7,0,0,-5.27,0,0,adfa_ld,normal
8.22,0,0,-3.45,0,0,adfa_ld,normal
11.17,0,0,-1.13,0,0,adfa_ld,normal
12.33,2,0,-1.1,5,4,adfa_ld,reverse_shell
25.78,0,0,33.93,0,0,adfa_ld,normal
16.97,0,0,1.92,0,0,adfa_ld,normal
4.64,0,0,-5.34,0,0,adfa_ld,normal
3.53,0,0,3.52,0,0,adfa_ld,normal
25.7,0,0,28.29,0,0,adfa_ld,normal
7.08,0,0,16.22,0,0,adfa_ld,normal
28.35,0,0,3.45,0,0,adfa_ld,normal
4.7,0,0,-5.27,0,0,adfa_ld,normal
11.4,0,0,-2.03,0,0,adfa_ld,normal
13.7,0,0,-0.01,0,0,adfa_ld,normal
23.6,0,0,-14.82,0,0,adfa_ld,normal
4.7,0,0,5.61,0,0,adfa_ld,normal
4.62,0,0,0.76,0,0,local_machine,normal
30.04,0,0,39.32,0,0,adfa_ld,normal
4.7,0,0,-5.27,0,0,adfa_ld,normal
13.33,2,1,2.59,3,3,adfa_ld,privilege_escalation
26.85,0,0,4.43,0,0,adfa_ld,normal
7.54,0,0,-0.02,0,0,adfa_ld,normal
49.65,0,0,11.15,0,0,adfa_ld,normal
11.02,0,0,-2.11,0,0,adfa_ld,normal
8.54,0,0,2.55,0,0,adfa_ld,normal
2.37,0,0,1.68,0,0,adfa_ld,normal
27.96,0,0,30.37,0,0,adfa_ld,normal
8.06,2,0,-6.73,4,3,adfa_ld,process_injection
16.92,0,0,28.97,0,0,adfa_ld,normal
6.7,0,0,9.75,0,0,adfa_ld,normal
41.9,0,0,-1.28,0,0,adfa_ld,normal
4.89,0,0,-2.98,0,0,adfa_ld,normal
11.71,0,0,-11.49,0,0,adfa_ld,normal
5.05,0,0,-0.11,0,0,adfa_ld,normal
31.19,0,0,0.38,0,0,adfa_ld,normal
4.7,0,0,-5.27,0,0,adfa_ld,normal
14.31,0,0,-0.34,0,0,adfa_ld,normal
7.25,0,0,3.64,0,0,adfa_ld,normal
16.68,0,0,29.28,0,0,adfa_ld,normal
4.7,0,0,-5.27,0,0,adfa_ld,normal
5.91,0,0,-1.89,0,0,adfa_ld,normal
15.88,1,0,-4.72,2,2,adfa_ld,lateral_movement
42.23,0,0,0.53,0,0,adfa_ld,normal
11.57,2,1,1.31,3,3,adfa_ld,privilege_escalation
9.32,0,0,1.52,0,0,adfa_ld,normal
4.02,0,0,-3.27,0,0,adfa_ld,normal
4.7,0,0,-5.27,0,0,adfa_ld,normal
16.97,0,0,1.92,0,0,adfa_ld,normal
4.7,0,0,-5.27,0,0,adfa_ld,normal
9.71,0,0,-0.68,0,0,adfa_ld,normal
21.98,0,0,3.01,0,0,adfa_ld,normal
17.61,0,0,-8.82,0,0,adfa_ld,normal
46.22,0,0,0.1,0,0,adfa_ld,normal
5.12,0,0,6.96,0,0,adfa_ld,normal
13.27,1,0,10.04,1,1,adfa_ld,credential_access
4.7,0,0,-5.27,0,0,adfa_ld,normal
16.03,0,0,12.62,0,0,adfa_ld,normal
6.92,0,0,-0.07,0,0,adfa_ld,normal
31.8,2,0,-0.23,5,4,adfa_ld,reverse_shell
14.05,0,0,-3.88,0,0,adfa_ld,normal
4.7,0,0,-5.27,0,0,adfa_ld,normal
8.81,0,0,7.33,0,0,adfa_ld,normal
12.79,0,0,0.12,0,0,adfa_ld,normal
4.7,0,0,-5.27,0,0,adfa_ld,normal
40.88,0,0,0.64,0,0,adfa_ld,normal
19.3,0,0,-2.71,0,0,adfa_ld,normal
9.86,0,0,-4.08,0,0,adfa_ld,normal
4.7,0,0,-5.27,0,0,adfa_ld,normal
11.79,0,0,-0.25,0,0,adfa_ld,normal
24.07,0,0,-25.69,0,0,adfa_ld,normal
25.33,0,0,22.85,0,0,adfa_ld,normal
4.7,0,0,-5.27,0,0,adfa_ld,normal
3.53,0,0,-3.27,0,0,adfa_ld,normal
8.39,0,0,-0.71,0,0,adfa_ld,normal
32.28,0,0,1.88,0,0,adfa_ld,normal
9.28,0,0,-0.07,0,0,adfa_ld,normal
23.93,1,0,0.29,2,2,adfa_ld,lateral_movement
25.08,0,0,25.62,0,0,adfa_ld,normal
9.56,0,0,1.67,0,0,adfa_ld,normal
19.59,0,0,1.24,0,0,adfa_ld,normal
35.02,0,0,20.46,0,0,adfa_ld,normal
4.7,0,0,-5.27,0,0,adfa_ld,normal
8.76,1,0,1.42,2,2,adfa_ld,lateral_movement
11.12,0,0,-2.3,0,0,adfa_ld,normal
11.13,2,0,0.09,4,3,adfa_ld,process_injection
4.7,0,0,-5.27,0,0,adfa_ld,normal
9.17,0,0,5.89,0,0,adfa_ld,normal
8.24,0,0,0.51,0,0,adfa_ld,normal
4.24,0,0,3.29,0,0,adfa_ld,normal
13.31,0,0,0.0,0,0,adfa_ld,normal
11.77,2,0,-0.27,5,4,adfa_ld,reverse_shell
4.7,0,0,-5.27,0,0,adfa_ld,normal
16.98,0,0,-0.58,0,0,adfa_ld,normal
47.29,0,0,6.41,0,0,adfa_ld,normal
4.7,0,0,-5.27,0,0,adfa_ld,normal
14.07,1,0,0.77,2,2,adfa_ld,lateral_movement
4.7,0,0,-5.27,0,0,adfa_ld,normal
4.7,0,0,-5.27,0,0,adfa_ld,normal
36.18,0,0,2.36,0,0,adfa_ld,normal
4.7,0,0,-5.27,0,0,adfa_ld,normal
4.7,0,0,-5.27,0,0,adfa_ld,normal
4.7,0,0,-5.27,0,0,adfa_ld,normal
12.8,0,0,-4.29,0,0,adfa_ld,normal
12.82,0,0,0.25,0,0,adfa_ld,normal
4.7,0,0,-5.27,0,0,adfa_ld,normal
9.23,0,0,4.42,0,0,local_machine,normal
23.89,1,0,2.7,2,2,adfa_ld,lateral_movement
4.7,0,0,-5.27,0,0,adfa_ld,normal
22.93,0,0,0.16,0,0,adfa_ld,normal
4.62,0,0,2.78,0,0,local_machine,normal
4.7,0,0,-5.27,0,0,adfa_ld,normal
66.51,0,0,1.15,0,0,adfa_ld,normal
20.29,1,0,7.03,2,2,adfa_ld,lateral_movement
9.45,0,0,-4.76,0,0,adfa_ld,normal
10.57,0,0,1.14,0,0,adfa_ld,normal
8.3,2,0,5.06,5,4,adfa_ld,reverse_shell
12.96,0,0,0.95,0,0,adfa_ld,normal
8.22,0,0,5.89,0,0,adfa_ld,normal
12.14,1,0,-1.63,1,1,adfa_ld,credential_access
11.05,0,0,-13.49,0,0,adfa_ld,normal
4.7,0,0,-5.27,0,0,adfa_ld,normal
4.88,0,0,10.55,0,0,adfa_ld,normal
7.36,0,0,12.1,0,0,adfa_ld,normal
15.9,0,0,-3.73,0,0,adfa_ld,normal
4.7,0,0,-5.27,0,0,adfa_ld,normal
13.9,0,0,1.11,0,0,adfa_ld,normal
6.23,0,0,0.35,0,0,adfa_ld,normal
15.51,0,0,0.13,0,0,adfa_ld,normal
8.22,0,0,5.89,0,0,adfa_ld,normal
31.51,0,0,-0.21,0,0,adfa_ld,normal
11.44,1,0,0.06,1,1,adfa_ld,credential_access
12.6,0,0,0.62,0,0,adfa_ld,normal
4.7,0,0,-5.27,0,0,adfa_ld,normal
9.56,0,0,1.67,0,0,adfa_ld,normal
11.14,0,0,-3.8,0,0,adfa_ld,normal
5.4,0,0,0.31,0,0,adfa_ld,normal
4.7,0,0,-5.27,0,0,adfa_ld,normal
42.86,0,0,-0.54,0,0,adfa_ld,normal
3.56,0,0,1.17,0,0,adfa_ld,normal
7.63,0,0,-6.16,0,0,adfa_ld,normal
3.68,0,0,0.97,0,0,adfa_ld,normal
33.97,0,0,16.45,0,0,adfa_ld,normal
11.36,0,0,-17.28,0,0,adfa_ld,normal
13.65,0,0,-0.07,0,0,adfa_ld,normal
11.52,2,0,0.07,5,4,adfa_ld,reverse_shell
15.29,2,0,13.63,4,3,adfa_ld,process_injection
7.35,0,0,0.14,0,0,adfa_ld,normal
27.02,0,0,-21.33,0,0,adfa_ld,normal
4.7,0,0,-8.12,0,0,adfa_ld,normal
8.81,0,0,7.33,0,0,adfa_ld,normal
26.36,0,0,2.36,0,0,adfa_ld,normal
21.66,2,0,-1.17,5,4,adfa_ld,reverse_shell
16.68,0,0,29.28,0,0,adfa_ld,normal
25.08,0,0,25.62,0,0,adfa_ld,normal
4.7,0,0,-5.27,0,0,adfa_ld,normal
6.98,0,0,-7.36,0,0,adfa_ld,normal
27.96,0,0,30.37,0,0,adfa_ld,normal
2.61,0,0,2.42,0,0,adfa_ld,normal
15.32,1,0,-3.46,2,2,adfa_ld,lateral_movement
10.26,0,0,-0.14,0,0,adfa_ld,normal
100.0,0,0,8.72,0,0,adfa_ld,normal
10.06,0,0,12.81,0,0,adfa_ld,normal
15.65,0,0,13.87,0,0,adfa_ld,normal
4.81,0,0,-2.85,0,0,adfa_ld,normal
4.7,0,0,-5.27,0,0,adfa_ld,normal
4.7,0,0,-5.27,0,0,adfa_ld,normal
28.97,0,0,3.45,0,0,adfa_ld,normal
4.66,0,0,-2.1,0,0,adfa_ld,normal
23.57,0,0,27.77,0,0,adfa_ld,normal
27.08,0,0,34.0,0,0,adfa_ld,normal
13.24,1,0,0.0,2,2,adfa_ld,lateral_movement
8.81,0,0,-15.13,0,0,adfa_ld,normal
22.39,0,0,4.75,0,0,adfa_ld,normal
22.94,0,0,30.41,0,0,adfa_ld,normal
6.18,0,0,-2.32,0,0,adfa_ld,normal
21.15,0,0,-8.72,0,0,adfa_ld,normal
11.94,0,0,4.28,0,0,adfa_ld,normal
11.71,0,0,-7.01,0,0,adfa_ld,normal
4.7,0,0,-5.27,0,0,adfa_ld,normal
15.9,0,0,-3.73,0,0,adfa_ld,normal
27.08,0,0,34.0,0,0,adfa_ld,normal
16.7,0,0,-1.86,0,0,adfa_ld,normal
4.7,0,0,-5.27,0,0,adfa_ld,normal
6.33,0,0,-2.54,0,0,adfa_ld,normal
8.72,0,0,2.92,0,0,adfa_ld,normal
4.7,0,0,-5.27,0,0,adfa_ld,normal
26.15,0,0,4.11,0,0,adfa_ld,normal
4.7,0,0,-5.27,0,0,adfa_ld,normal
6.17,0,0,10.77,0,0,adfa_ld,normal
17.77,0,0,3.52,0,0,adfa_ld,normal
6.64,0,0,1.35,0,0,adfa_ld,normal
8.87,0,0,5.15,0,0,adfa_ld,normal
31.02,0,0,0.05,0,0,adfa_ld,normal
6.72,0,0,2.44,0,0,adfa_ld,normal
6.87,0,0,2.38,0,0,adfa_ld,normal
12.57,1,0,-0.03,2,2,adfa_ld,lateral_movement
14.46,0,0,0.12,0,0,adfa_ld,normal
21.74,0,0,-5.59,0,0,adfa_ld,normal
9.35,0,0,10.18,0,0,adfa_ld,normal
4.7,0,0,-5.27,0,0,adfa_ld,normal
2.35,0,0,3.82,0,0,adfa_ld,normal
7.94,0,0,0.13,0,0,adfa_ld,normal
14.57,0,0,-4.73,0,0,adfa_ld,normal
10.26,0,0,1.47,0,0,adfa_ld,normal
4.01,0,0,-6.72,0,0,adfa_ld,normal
13.13,0,0,-4.17,0,0,adfa_ld,normal
8.54,0,0,1.64,0,0,adfa_ld,normal
13.31,0,0,0.0,0,0,adfa_ld,normal
39.21,0,0,2.9,0,0,adfa_ld,normal
15.64,0,0,1.76,0,0,adfa_ld,normal
8.0,0,0,0.86,0,0,adfa_ld,normal
9.34,0,0,-3.04,0,0,adfa_ld,normal
10.29,0,0,-0.62,0,0,adfa_ld,normal
8.25,0,0,1.98,0,0,adfa_ld,normal
9.15,0,0,0.95,0,0,adfa_ld,normal
9.01,0,0,3.57,0,0,adfa_ld,normal
13.31,2,0,9.29,5,4,adfa_ld,reverse_shell
25.78,0,0,33.93,0,0,adfa_ld,normal
3.72,0,0,4.05,0,0,adfa_ld,normal
44.95,0,0,-0.19,0,0,adfa_ld,normal
4.7,0,0,-5.27,0,0,adfa_ld,normal
7.07,0,0,-0.74,0,0,adfa_ld,normal
4.7,0,0,-5.27,0,0,adfa_ld,normal
8.48,0,0,-3.47,0,0,adfa_ld,normal
16.12,2,0,0.0,5,4,adfa_ld,reverse_shell
7.02,0,0,-0.06,0,0,adfa_ld,normal
15.38,0,0,0.19,0,0,local_machine,normal
37.15,0,0,-0.26,0,0,adfa_ld,normal
17.76,0,0,23.09,0,0,adfa_ld,normal
19.86,0,0,19.27,0,0,adfa_ld,normal
12.61,0,0,-0.07,0,0,adfa_ld,normal
22.27,0,0,-18.75,0,0,adfa_ld,normal
4.7,0,0,-5.27,0,0,adfa_ld,normal
11.57,0,0,2.94,0,0,adfa_ld,normal
9.62,0,0,0.63,0,0,adfa_ld,normal
10.2,0,0,-1.99,0,0,adfa_ld,normal
19.39,0,0,21.91,0,0,adfa_ld,normal
7.01,0,0,-3.07,0,0,adfa_ld,normal
7.79,2,0,-5.17,5,4,adfa_ld,reverse_shell
7.95,1,0,0.07,1,1,adfa_ld,credential_access
13.82,2,0,-0.49,5,4,adfa_ld,reverse_shell
9.84,0,0,-11.31,0,0,adfa_ld,normal
22.77,0,0,3.57,0,0,adfa_ld,normal
3.63,0,0,3.35,0,0,adfa_ld,normal
13.89,0,0,0.07,0,0,adfa_ld,normal
14.29,0,0,0.27,0,0,adfa_ld,normal
21.81,0,0,-0.72,0,0,adfa_ld,normal
6.66,2,0,-0.53,4,3,adfa_ld,process_injection
16.92,0,0,28.97,0,0,adfa_ld,normal
6.26,0,0,-5.68,0,0,adfa_ld,normal
4.7,0,0,-5.27,0,0,adfa_ld,normal
15.21,0,0,-0.67,0,0,adfa_ld,normal
4.7,0,0,-5.27,0,0,adfa_ld,normal
10.55,0,0,0.92,0,0,adfa_ld,normal
8.37,0,0,-1.64,0,0,adfa_ld,normal
13.83,0,0,2.7,0,0,adfa_ld,normal
10.09,0,0,-8.22,0,0,adfa_ld,normal
39.76,0,0,3.4,0,0,adfa_ld,normal
11.7,2,1,-0.04,3,3,adfa_ld,privilege_escalation
21.53,0,0,18.85,0,0,adfa_ld,normal
25.92,0,0,27.18,0,0,adfa_ld,normal
14.38,2,1,16.88,3,3,adfa_ld,privilege_escalation
11.27,0,0,12.75,0,0,adfa_ld,normal
2.68,0,0,9.1,0,0,adfa_ld,normal
4.7,0,0,-5.27,0,0,adfa_ld,normal
5.7,0,0,8.09,0,0,adfa_ld,normal
4.7,0,0,-5.27,0,0,adfa_ld,normal
30.82,0,0,14.33,0,0,adfa_ld,normal
9.35,0,0,2.59,0,0,adfa_ld,normal
23.17,0,0,1.63,0,0,adfa_ld,normal
21.69,0,0,-20.89,0,0,adfa_ld,normal
4.7,0,0,-5.27,0,0,adfa_ld,normal
26.21,0,0,48.77,0,0,adfa_ld,normal
30.62,0,0,-0.84,0,0,adfa_ld,normal
8.9,0,0,0.0,0,0,adfa_ld,normal
11.7,0,0,5.3,0,0,adfa_ld,normal
9.71,0,0,-0.68,0,0,adfa_ld,normal
27.08,0,0,34.0,0,0,adfa_ld,normal
4.7,0,0,-5.27,0,0,adfa_ld,normal
15.53,0,0,4.96,0,0,adfa_ld,normal
4.7,0,0,-5.27,0,0,adfa_ld,normal
7.85,0,0,-7.5,0,0,adfa_ld,normal
21.94,0,0,-10.44,0,0,adfa_ld,normal
6.45,0,0,8.09,0,0,adfa_ld,normal
22.77,0,0,3.57,0,0,adfa_ld,normal
4.7,0,0,-5.27,0,0,adfa_ld,normal
15.47,0,0,0.58,0,0,adfa_ld,normal
22.7,0,0,1.69,0,0,adfa_ld,normal
9.61,0,0,2.05,0,0,adfa_ld,normal
18.46,0,0,0.25,0,0,local_machine,normal
14.48,2,0,0.33,4,3,adfa_ld,process_injection
15.92,0,0,3.26,0,0,adfa_ld,normal
4.7,0,0,-5.27,0,0,adfa_ld,normal
25.08,0,0,25.62,0,0,adfa_ld,normal
14.08,1,0,0.2,2,2,adfa_ld,lateral_movement
30.82,0,0,14.33,0,0,adfa_ld,normal
23.69,0,0,5.4,0,0,adfa_ld,normal
7.59,0,0,2.13,0,0,adfa_ld,normal
27.08,0,0,34.0,0,0,adfa_ld,normal
26.39,0,0,2.54,0,0,adfa_ld,normal
4.7,0,0,-5.27,0,0,adfa_ld,normal
4.7,0,0,-5.27,0,0,adfa_ld,normal
4.7,0,0,-5.27,0,0,adfa_ld,normal
3.95,0,0,0.88,0,0,adfa_ld,normal
17.66,2,0,0.48,4,3,adfa_ld,process_injection
15.9,0,0,-3.73,0,0,adfa_ld,normal
33.7,0,0,-12.81,0,0,adfa_ld,normal
5.74,0,0,-3.79,0,0,adfa_ld,normal
12.74,0,0,6.58,0,0,adfa_ld,normal
22.77,0,0,17.55,0,0,adfa_ld,normal
22.31,0,0,-13.59,0,0,adfa_ld,normal
4.62,0,0,0.21,0,0,local_machine,normal
9.56,0,0,1.67,0,0,adfa_ld,normal
7.05,0,0,-4.65,0,0,adfa_ld,normal
13.44,0,0,0.07,0,0,adfa_ld,normal
20.05,0,0,11.29,0,0,adfa_ld,normal
6.82,0,0,6.82,0,0,adfa_ld,normal
8.34,0,0,5.57,0,0,adfa_ld,normal
4.7,0,0,-5.27,0,0,adfa_ld,normal
6.52,0,0,4.67,0,0,adfa_ld,normal
2.75,0,0,3.82,0,0,adfa_ld,normal
8.64,0,0,1.42,0,0,adfa_ld,normal
4.7,0,0,-5.27,0,0,adfa_ld,normal
8.77,0,0,-1.88,0,0,adfa_ld,normal
51.64,0,0,0.0,0,0,adfa_ld,normal
22.77,0,0,3.57,0,0,adfa_ld,normal
16.97,0,0,1.92,0,0,adfa_ld,normal
7.61,0,0,-7.31,0,0,adfa_ld,normal
8.63,2,0,0.59,4,3,adfa_ld,process_injection
18.19,0,0,1.78,0,0,adfa_ld,normal
10.26,0,0,-0.14,0,0,adfa_ld,normal
18.28,1,0,-2.72,2,2,adfa_ld,lateral_movement
15.18,1,0,0.13,1,1,adfa_ld,credential_access
20.07,0,0,27.85,0,0,adfa_ld,normal
4.7,0,0,-5.27,0,0,adfa_ld,normal
29.8,0,0,45.96,0,0,adfa_ld,normal
6.18,0,0,-2.32,0,0,adfa_ld,normal
2.93,0,0,-9.17,0,0,adfa_ld,normal
6.69,0,0,-0.61,0,0,adfa_ld,normal
15.98,0,0,27.77,0,0,adfa_ld,normal
21.3,0,0,29.7,0,0,adfa_ld,normal
4.7,0,0,-5.27,0,0,adfa_ld,normal
17.67,0,0,0.0,0,0,adfa_ld,normal
41.69,0,0,0.94,0,0,adfa_ld,normal
22.18,0,0,0.08,0,0,adfa_ld,normal
6.78,0,0,4.57,0,0,adfa_ld,normal
4.7,0,0,-5.27,0,0,adfa_ld,normal
14.97,2,1,0.0,3,3,adfa_ld,privilege_escalation
2.95,0,0,5.31,0,0,adfa_ld,normal
14.05,0,0,-3.88,0,0,adfa_ld,normal
24.26,1,0,-4.6,2,2,adfa_ld,lateral_movement
2.93,0,0,5.77,0,0,adfa_ld,normal
20.94,1,0,-4.8,2,2,adfa_ld,lateral_movement
18.88,0,0,-19.96,0,0,adfa_ld,normal
4.7,0,0,-5.27,0,0,adfa_ld,normal
12.57,0,0,19.98,0,0,adfa_ld,normal
4.7,0,0,-5.27,0,0,adfa_ld,normal
10.27,0,0,5.07,0,0,adfa_ld,normal
8.85,0,0,1.45,0,0,adfa_ld,normal
4.53,0,0,-2.24,0,0,adfa_ld,normal
4.76,0,0,5.79,0,0,adfa_ld,normal
8.52,0,0,-4.79,0,0,adfa_ld,normal
12.2,0,0,-3.85,0,0,adfa_ld,normal
15.16,0,0,1.96,0,0,adfa_ld,normal
11.59,1,0,0.85,2,2,adfa_ld,lateral_movement
2.38,0,0,2.61,0,0,adfa_ld,normal
4.7,0,0,-5.27,0,0,adfa_ld,normal
4.7,0,0,-5.27,0,0,adfa_ld,normal
4.7,0,0,-5.27,0,0,adfa_ld,normal
24.1,0,0,8.57,0,0,adfa_ld,normal
9.95,0,0,-1.73,0,0,adfa_ld,normal
16.88,0,0,22.23,0,0,adfa_ld,normal
15.83,0,0,5.66,0,0,adfa_ld,normal
12.97,0,0,-1.55,0,0,adfa_ld,normal
11.97,0,0,-1.55,0,0,adfa_ld,normal
10.27,0,0,5.07,0,0,adfa_ld,normal
7.15,0,0,3.07,0,0,adfa_ld,normal
4.7,0,0,-5.27,0,0,adfa_ld,normal
7.08,0,0,16.22,0,0,adfa_ld,normal
4.7,0,0,-5.27,0,0,adfa_ld,normal
11.4,0,0,2.64,0,0,adfa_ld,normal
4.7,0,0,-5.27,0,0,adfa_ld,normal
14.28,0,0,14.1,0,0,adfa_ld,normal
10.76,0,0,-1.7,0,0,adfa_ld,normal
20.0,0,0,0.01,0,0,local_machine,normal
4.7,0,0,-5.27,0,0,adfa_ld,normal
49.3,0,0,1.11,0,0,adfa_ld,normal
100.0,0,0,0.08,0,0,adfa_ld,normal
17.92,2,1,0.51,3,3,adfa_ld,privilege_escalation
35.86,0,0,-0.55,0,0,adfa_ld,normal
2.68,0,0,-4.58,0,0,adfa_ld,normal
13.8,2,1,12.12,3,3,adfa_ld,privilege_escalation
8.61,0,0,-6.58,0,0,adfa_ld,normal
4.7,0,0,-5.27,0,0,adfa_ld,normal
12.0,2,0,-1.14,5,4,adfa_ld,reverse_shell
4.7,0,0,-5.27,0,0,adfa_ld,normal
4.92,0,0,5.14,0,0,adfa_ld,normal
7.61,0,0,0.77,0,0,adfa_ld,normal
18.68,0,0,2.44,0,0,adfa_ld,normal
4.7,0,0,-5.27,0,0,adfa_ld,normal
7.25,0,0,-3.69,0,0,adfa_ld,normal
8.95,0,0,-12.51,0,0,adfa_ld,normal
15.74,0,0,-3.33,0,0,adfa_ld,normal
13.47,0,0,-0.07,0,0,adfa_ld,normal
17.39,0,0,1.9,0,0,adfa_ld,normal
12.54,2,0,1.6,5,4,adfa_ld,reverse_shell
10.91,0,0,0.36,0,0,adfa_ld,normal
11.1,0,0,-0.4,0,0,adfa_ld,normal
19.69,1,0,-0.29,1,1,adfa_ld,credential_access
22.42,1,0,-10.4,1,1,adfa_ld,credential_access
4.7,0,0,-5.27,0,0,adfa_ld,normal
8.41,0,0,-10.37,0,0,adfa_ld,normal
8.56,0,0,-13.31,0,0,adfa_ld,normal
4.7,0,0,-5.27,0,0,adfa_ld,normal
10.48,0,0,2.14,0,0,adfa_ld,normal
16.72,0,0,-3.36,0,0,adfa_ld,normal
18.24,0,0,-0.63,0,0,adfa_ld,normal
9.32,0,0,-10.9,0,0,adfa_ld,normal
15.12,0,0,3.14,0,0,adfa_ld,normal
14.19,0,0,-15.13,0,0,adfa_ld,normal
7.7,2,0,7.35,5,4,adfa_ld,reverse_shell
18.51,2,0,13.28,4,3,adfa_ld,process_injection
27.0,2,0,-0.66,5,4,adfa_ld,reverse_shell
4.4,0,0,-6.72,0,0,adfa_ld,normal
15.4,2,1,1.3,3,3,adfa_ld,privilege_escalation
4.7,0,0,-5.27,0,0,adfa_ld,normal
12.52,0,0,-13.75,0,0,adfa_ld,normal
23.66,0,0,2.44,0,0,adfa_ld,normal
7.55,0,0,-3.74,0,0,adfa_ld,normal
29.38,0,0,26.81,0,0,adfa_ld,normal
19.51,2,0,9.62,5,4,adfa_ld,reverse_shell
4.7,0,0,-5.27,0,0,adfa_ld,normal
4.7,0,0,-5.27,0,0,adfa_ld,normal
16.97,0,0,1.92,0,0,adfa_ld,normal
12.16,0,0,1.13,0,0,adfa_ld,normal
10.07,0,0,1.37,0,0,adfa_ld,normal
13.83,0,0,-13.06,0,0,adfa_ld,normal
8.78,0,0,-3.16,0,0,adfa_ld,normal
14.63,0,0,0.1,0,0,adfa_ld,normal
21.78,1,0,16.47,2,2,adfa_ld,lateral_movement
25.01,0,0,2.74,0,0,adfa_ld,normal
22.37,0,0,27.66,0,0,adfa_ld,normal
9.02,2,0,-4.23,5,4,adfa_ld,reverse_shell
6.75,0,0,4.58,0,0,adfa_ld,normal
4.7,0,0,-5.27,0,0,adfa_ld,normal
3.49,0,0,-0.54,0,0,adfa_ld,normal
84.78,0,0,-10.65,0,0,adfa_ld,normal
14.3,0,0,-0.74,0,0,adfa_ld,normal
4.7,0,0,-5.27,0,0,adfa_ld,normal
8.26,0,0,-5.47,0,0,adfa_ld,normal
15.64,0,0,-0.32,0,0,adfa_ld,normal
4.7,0,0,-5.27,0,0,adfa_ld,normal
20.01,0,0,-5.77,0,0,adfa_ld,normal
13.82,0,0,6.68,0,0,adfa_ld,normal
4.7,0,0,-5.27,0,0,adfa_ld,normal
10.1,0,0,0.63,0,0,adfa_ld,normal
4.7,0,0,-5.27,0,0,adfa_ld,normal
22.77,0,0,3.57,0,0,adfa_ld,normal
7.07,0,0,3.55,0,0,adfa_ld,normal
4.7,0,0,-5.27,0,0,adfa_ld,normal
9.24,0,0,0.17,0,0,adfa_ld,normal
19.68,0,0,0.09,0,0,adfa_ld,normal
13.32,0,0,1.42,0,0,adfa_ld,normal
14.11,0,0,6.4,0,0,adfa_ld,normal
19.52,0,0,0.28,0,0,adfa_ld,normal
4.7,0,0,-5.27,0,0,adfa_ld,normal
8.79,0,0,-1.94,0,0,adfa_ld,normal
4.7,0,0,2.71,0,0,adfa_ld,normal
5.66,0,0,-7.46,0,0,adfa_ld,normal
26.45,0,0,0.06,0,0,adfa_ld,normal
12.06,1,0,-0.25,1,1,adfa_ld,credential_access
4.7,0,0,-5.27,0,0,adfa_ld,normal
6.44,0,0,6.63,0,0,adfa_ld,normal
15.9,0,0,-3.73,0,0,adfa_ld,normal
30.7,0,0,20.06,0,0,adfa_ld,normal
4.7,0,0,-5.27,0,0,adfa_ld,normal
100.0,0,0,1.82,0,0,adfa_ld,normal
4.7,0,0,-5.27,0,0,adfa_ld,normal
10.29,0,0,0.08,0,0,adfa_ld,normal
21.6,1,0,-9.78,1,1,adfa_ld,credential_access
13.15,2,0,-0.34,4,3,adfa_ld,process_injection
17.8,1,0,-9.63,2,2,adfa_ld,lateral_movement
8.04,0,0,-7.36,0,0,adfa_ld,normal
4.7,0,0,-5.27,0,0,adfa_ld,normal
4.81,0,0,-2.59,0,0,adfa_ld,normal
25.48,0,0,10.72,0,0,adfa_ld,normal
20.37,0,0,0.1,0,0,adfa_ld,normal
4.7,0,0,-5.27,0,0,adfa_ld,normal
6.97,0,0,-3.21,0,0,adfa_ld,normal
6.99,0,0,-6.18,0,0,adfa_ld,normal
27.08,0,0,34.0,0,0,adfa_ld,normal
12.19,0,0,-1.1,0,0,adfa_ld,normal
27.84,0,0,2.47,0,0,adfa_ld,normal
3.51,0,0,1.44,0,0,adfa_ld,normal
14.72,0,0,-10.64,0,0,adfa_ld,normal
4.73,0,0,-6.8,0,0,adfa_ld,normal
20.07,2,1,0.07,3,3,adfa_ld,privilege_escalation
4.7,0,0,-5.27,0,0,adfa_ld,normal
22.84,0,0,17.69,0,0,adfa_ld,normal
11.45,0,0,-1.16,0,0,adfa_ld,normal
15.9,0,0,-3.73,0,0,adfa_ld,normal
29.73,0,0,0.19,0,0,adfa_ld,normal
7.71,0,0,5.78,0,0,adfa_ld,normal
13.81,0,0,0.32,0,0,adfa_ld,normal
13.97,1,0,-1.66,1,1,adfa_ld,credential_access
